year,date,day_of_year,block,plot,treat,graze_treat,rain_treat,rain_shelters_on,vwc_mid_FS,day_since_wateradd
2018,7/21/2018,202,1,1,UG-C,UG,C,Y,NA,5
2018,7/21/2018,202,1,8,UG-C,UG,C,Y,14.9425,5
2018,7/21/2018,202,6,9,UG-C,UG,C,Y,13.2235,5
2018,7/21/2018,202,6,12,UG-C,UG,C,Y,NA,5
2018,7/21/2018,202,1,3,UG-D,UG,D,Y,12.1921,5
2018,7/21/2018,202,1,11,UG-D,UG,D,Y,NA,5
2018,7/21/2018,202,6,1,UG-D,UG,D,Y,NA,5
2018,7/21/2018,202,6,7,UG-D,UG,D,Y,11.8483,5
2018,7/21/2018,202,1,2,UG-W,UG,W,Y,15.802,5
2018,7/21/2018,202,1,10,UG-W,UG,W,Y,NA,5
2018,7/21/2018,202,6,4,UG-W,UG,W,Y,NA,5
2018,7/21/2018,202,6,11,UG-W,UG,W,Y,12.7078,5
2018,7/21/2018,202,2,2,DS-C,DS,C,Y,13.5673,5
2018,7/21/2018,202,2,4,DS-C,DS,C,Y,NA,5
2018,7/21/2018,202,4,1,DS-C,DS,C,Y,14.2549,5
2018,7/21/2018,202,4,12,DS-C,DS,C,Y,NA,5
2018,7/21/2018,202,2,1,DS-D,DS,D,Y,NA,5
2018,7/21/2018,202,2,7,DS-D,DS,D,Y,12.1921,5
2018,7/21/2018,202,4,5,DS-D,DS,D,Y,NA,5
2018,7/21/2018,202,4,11,DS-D,DS,D,Y,17.3491,5
2018,7/21/2018,202,2,3,DS-W,DS,W,Y,NA,5
2018,7/21/2018,202,2,9,DS-W,DS,W,Y,13.5673,5
2018,7/21/2018,202,4,6,DS-W,DS,W,Y,NA,5
2018,7/21/2018,202,4,8,DS-W,DS,W,Y,17.6929,5
2018,7/21/2018,202,3,2,GS-C,GS,C,Y,NA,5
2018,7/21/2018,202,3,8,GS-C,GS,C,Y,14.2549,5
2018,7/21/2018,202,5,5,GS-C,GS,C,Y,13.5673,5
2018,7/21/2018,202,5,6,GS-C,GS,C,Y,NA,5
2018,7/21/2018,202,3,6,GS-D,GS,D,Y,11.3326,5
2018,7/21/2018,202,3,12,GS-D,GS,D,Y,NA,5
2018,7/21/2018,202,5,3,GS-D,GS,D,Y,NA,5
2018,7/21/2018,202,5,9,GS-D,GS,D,Y,13.9111,5
2018,7/21/2018,202,3,1,GS-W,GS,W,Y,NA,5
2018,7/21/2018,202,3,5,GS-W,GS,W,Y,18.2086,5
2018,7/21/2018,202,5,2,GS-W,GS,W,Y,NA,5
2018,7/21/2018,202,5,8,GS-W,GS,W,Y,12.7078,5
2018,7/24/2018,205,1,1,UG-C,UG,C,Y,17.6929,0
2018,7/24/2018,205,1,8,UG-C,UG,C,Y,23.1937,0
2018,7/24/2018,205,6,9,UG-C,UG,C,Y,20.7871,0
2018,7/24/2018,205,6,12,UG-C,UG,C,Y,21.6466,0
2018,7/24/2018,205,1,3,UG-D,UG,D,Y,13.2235,0
2018,7/24/2018,205,1,11,UG-D,UG,D,Y,14.2549,0
2018,7/24/2018,205,6,1,UG-D,UG,D,Y,14.9425,0
2018,7/24/2018,205,6,7,UG-D,UG,D,Y,12.1921,0
2018,7/24/2018,205,1,2,UG-W,UG,W,Y,29.8978,0
2018,7/24/2018,205,1,10,UG-W,UG,W,Y,20.6152,0
2018,7/24/2018,205,6,4,UG-W,UG,W,Y,20.4433,0
2018,7/24/2018,205,6,11,UG-W,UG,W,Y,26.116,0
2018,7/24/2018,205,2,2,DS-C,DS,C,Y,20.7871,0
2018,7/24/2018,205,2,4,DS-C,DS,C,Y,19.24,0
2018,7/24/2018,205,4,1,DS-C,DS,C,Y,19.9276,0
2018,7/24/2018,205,4,12,DS-C,DS,C,Y,20.959,0
2018,7/24/2018,205,2,1,DS-D,DS,D,Y,13.0516,0
2018,7/24/2018,205,2,7,DS-D,DS,D,Y,12.8797,0
2018,7/24/2018,205,4,5,DS-D,DS,D,Y,13.2235,0
2018,7/24/2018,205,4,11,DS-D,DS,D,Y,18.2086,0
2018,7/24/2018,205,2,3,DS-W,DS,W,Y,22.5061,0
2018,7/24/2018,205,2,9,DS-W,DS,W,Y,27.6631,0
2018,7/24/2018,205,4,6,DS-W,DS,W,Y,19.24,0
2018,7/24/2018,205,4,8,DS-W,DS,W,Y,29.3821,0
2018,7/24/2018,205,3,2,GS-C,GS,C,Y,19.24,0
2018,7/24/2018,205,3,8,GS-C,GS,C,Y,19.0681,0
2018,7/24/2018,205,5,5,GS-C,GS,C,Y,NA,0
2018,7/24/2018,205,5,6,GS-C,GS,C,Y,19.4119,0
2018,7/24/2018,205,3,6,GS-D,GS,D,Y,12.364,0
2018,7/24/2018,205,3,12,GS-D,GS,D,Y,13.7392,0
2018,7/24/2018,205,5,3,GS-D,GS,D,Y,14.7706,0
2018,7/24/2018,205,5,9,GS-D,GS,D,Y,14.2549,0
2018,7/24/2018,205,3,1,GS-W,GS,W,Y,24.7408,0
2018,7/24/2018,205,3,5,GS-W,GS,W,Y,48.6349,0
2018,7/24/2018,205,5,2,GS-W,GS,W,Y,25.2565,0
2018,7/24/2018,205,5,8,GS-W,GS,W,Y,32.8201,0
2018,7/31/2018,212,1,1,UG-C,UG,C,Y,12.5359,1
2018,7/31/2018,212,1,8,UG-C,UG,C,Y,15.802,1
2018,7/31/2018,212,6,9,UG-C,UG,C,Y,15.6301,1
2018,7/31/2018,212,6,12,UG-C,UG,C,Y,14.4268,1
2018,7/31/2018,212,1,3,UG-D,UG,D,Y,12.8797,1
2018,7/31/2018,212,1,11,UG-D,UG,D,Y,13.27507,1
2018,7/31/2018,212,6,1,UG-D,UG,D,Y,13.2235,1
2018,7/31/2018,212,6,7,UG-D,UG,D,Y,11.8483,1
2018,7/31/2018,212,1,2,UG-W,UG,W,Y,17.1772,1
2018,7/31/2018,212,1,10,UG-W,UG,W,Y,13.2235,1
2018,7/31/2018,212,6,4,UG-W,UG,W,Y,13.9111,1
2018,7/31/2018,212,6,11,UG-W,UG,W,Y,13.2235,1
2018,7/31/2018,212,2,2,DS-C,DS,C,Y,13.9111,1
2018,7/31/2018,212,2,4,DS-C,DS,C,Y,13.5673,1
2018,7/31/2018,212,4,1,DS-C,DS,C,Y,14.9425,1
2018,7/31/2018,212,4,12,DS-C,DS,C,Y,14.5987,1
2018,7/31/2018,212,2,1,DS-D,DS,D,Y,12.0202,1
2018,7/31/2018,212,2,7,DS-D,DS,D,Y,11.8483,1
2018,7/31/2018,212,4,5,DS-D,DS,D,Y,12.0202,1
2018,7/31/2018,212,4,11,DS-D,DS,D,Y,17.8648,1
2018,7/31/2018,212,2,3,DS-W,DS,W,Y,13.0516,1
2018,7/31/2018,212,2,9,DS-W,DS,W,Y,14.5987,1
2018,7/31/2018,212,4,6,DS-W,DS,W,Y,13.0516,1
2018,7/31/2018,212,4,8,DS-W,DS,W,Y,18.8962,1
2018,7/31/2018,212,3,2,GS-C,GS,C,Y,14.4268,1
2018,7/31/2018,212,3,8,GS-C,GS,C,Y,12.364,1
2018,7/31/2018,212,5,5,GS-C,GS,C,Y,13.9111,1
2018,7/31/2018,212,5,6,GS-C,GS,C,Y,13.5673,1
2018,7/31/2018,212,3,6,GS-D,GS,D,Y,11.3326,1
2018,7/31/2018,212,3,12,GS-D,GS,D,Y,14.9425,1
2018,7/31/2018,212,5,3,GS-D,GS,D,Y,13.7392,1
2018,7/31/2018,212,5,9,GS-D,GS,D,Y,12.5359,1
2018,7/31/2018,212,3,1,GS-W,GS,W,Y,15.2863,1
2018,7/31/2018,212,3,5,GS-W,GS,W,Y,19.9276,1
2018,7/31/2018,212,5,2,GS-W,GS,W,Y,15.1144,1
2018,7/31/2018,212,5,8,GS-W,GS,W,Y,15.6301,1
2018,8/23/2018,235,1,1,UG-C,UG,C,Y,17.521,1
2018,8/23/2018,235,1,8,UG-C,UG,C,Y,21.9904,1
2018,8/23/2018,235,6,9,UG-C,UG,C,Y,20.6152,1
2018,8/23/2018,235,6,12,UG-C,UG,C,Y,20.959,1
2018,8/23/2018,235,1,3,UG-D,UG,D,Y,13.9111,1
2018,8/23/2018,235,1,11,UG-D,UG,D,Y,17.1772,1
2018,8/23/2018,235,6,1,UG-D,UG,D,Y,13.9111,1
2018,8/23/2018,235,6,7,UG-D,UG,D,Y,13.3954,1
2018,8/23/2018,235,1,2,UG-W,UG,W,Y,29.8978,1
2018,8/23/2018,235,1,10,UG-W,UG,W,Y,21.4747,1
2018,8/23/2018,235,6,4,UG-W,UG,W,Y,19.7557,1
2018,8/23/2018,235,6,11,UG-W,UG,W,Y,24.397,1
2018,8/23/2018,235,2,2,DS-C,DS,C,Y,19.9276,1
2018,8/23/2018,235,2,4,DS-C,DS,C,Y,17.0053,1
2018,8/23/2018,235,4,1,DS-C,DS,C,Y,19.9276,1
2018,8/23/2018,235,4,12,DS-C,DS,C,Y,19.5838,1
2018,8/23/2018,235,2,1,DS-D,DS,D,Y,14.7706,1
2018,8/23/2018,235,2,7,DS-D,DS,D,Y,20.959,1
2018,8/23/2018,235,4,5,DS-D,DS,D,Y,13.0516,1
2018,8/23/2018,235,4,11,DS-D,DS,D,Y,24.2251,1
2018,8/23/2018,235,2,3,DS-W,DS,W,Y,21.9904,1
2018,8/23/2018,235,2,9,DS-W,DS,W,Y,20.0995,1
2018,8/23/2018,235,4,6,DS-W,DS,W,Y,20.7871,1
2018,8/23/2018,235,4,8,DS-W,DS,W,Y,25.6003,1
2018,8/23/2018,235,3,2,GS-C,GS,C,Y,16.3177,1
2018,8/23/2018,235,3,8,GS-C,GS,C,Y,20.0995,1
2018,8/23/2018,235,5,5,GS-C,GS,C,Y,18.5524,1
2018,8/23/2018,235,5,6,GS-C,GS,C,Y,19.9276,1
2018,8/23/2018,235,3,6,GS-D,GS,D,Y,14.9425,1
2018,8/23/2018,235,3,12,GS-D,GS,D,Y,14.2549,1
2018,8/23/2018,235,5,3,GS-D,GS,D,Y,15.6301,1
2018,8/23/2018,235,5,9,GS-D,GS,D,Y,12.5359,1
2018,8/23/2018,235,3,1,GS-W,GS,W,Y,21.4747,1
2018,8/23/2018,235,3,5,GS-W,GS,W,Y,34.1953,1
2018,8/23/2018,235,5,2,GS-W,GS,W,Y,22.8499,1
2018,8/23/2018,235,5,8,GS-W,GS,W,Y,27.1474,1
2018,9/11/2018,254,1,1,UG-C,UG,C,Y,17.0053,4
2018,9/11/2018,254,1,8,UG-C,UG,C,Y,23.3656,4
2018,9/11/2018,254,6,9,UG-C,UG,C,Y,21.6466,4
2018,9/11/2018,254,6,12,UG-C,UG,C,Y,20.7871,4
2018,9/11/2018,254,1,3,UG-D,UG,D,Y,14.2549,4
2018,9/11/2018,254,1,11,UG-D,UG,D,Y,14.9425,4
2018,9/11/2018,254,6,1,UG-D,UG,D,Y,16.1458,4
2018,9/11/2018,254,6,7,UG-D,UG,D,Y,13.9111,4
2018,9/11/2018,254,1,2,UG-W,UG,W,Y,28.6945,4
2018,9/11/2018,254,1,10,UG-W,UG,W,Y,20.7871,4
2018,9/11/2018,254,6,4,UG-W,UG,W,Y,18.2086,4
2018,9/11/2018,254,6,11,UG-W,UG,W,Y,23.0218,4
2018,9/11/2018,254,2,2,DS-C,DS,C,Y,20.6152,4
2018,9/11/2018,254,2,4,DS-C,DS,C,Y,19.5838,4
2018,9/11/2018,254,4,1,DS-C,DS,C,Y,20.6152,4
2018,9/11/2018,254,4,12,DS-C,DS,C,Y,23.0218,4
2018,9/11/2018,254,2,1,DS-D,DS,D,Y,14.5987,4
2018,9/11/2018,254,2,7,DS-D,DS,D,Y,14.9425,4
2018,9/11/2018,254,4,5,DS-D,DS,D,Y,14.5987,4
2018,9/11/2018,254,4,11,DS-D,DS,D,Y,20.7871,4
2018,9/11/2018,254,2,3,DS-W,DS,W,Y,20.959,4
2018,9/11/2018,254,2,9,DS-W,DS,W,Y,20.7871,4
2018,9/11/2018,254,4,6,DS-W,DS,W,Y,18.5524,4
2018,9/11/2018,254,4,8,DS-W,DS,W,Y,26.9755,4
2018,9/11/2018,254,3,2,GS-C,GS,C,Y,19.7557,4
2018,9/11/2018,254,3,8,GS-C,GS,C,Y,21.3028,4
2018,9/11/2018,254,5,5,GS-C,GS,C,Y,20.6152,4
2018,9/11/2018,254,5,6,GS-C,GS,C,Y,20.959,4
2018,9/11/2018,254,3,6,GS-D,GS,D,Y,13.9111,4
2018,9/11/2018,254,3,12,GS-D,GS,D,Y,14.083,4
2018,9/11/2018,254,5,3,GS-D,GS,D,Y,13.9111,4
2018,9/11/2018,254,5,9,GS-D,GS,D,Y,13.7392,4
2018,9/11/2018,254,3,1,GS-W,GS,W,Y,21.3028,4
2018,9/11/2018,254,3,5,GS-W,GS,W,Y,32.8201,4
2018,9/11/2018,254,5,2,GS-W,GS,W,Y,22.3342,4
2018,9/11/2018,254,5,8,GS-W,GS,W,Y,23.1937,4
2018,9/15/2018,258,1,1,UG-C,UG,C,Y,13.2235,8
2018,9/15/2018,258,1,8,UG-C,UG,C,Y,17.1772,8
2018,9/15/2018,258,6,9,UG-C,UG,C,Y,15.1144,8
2018,9/15/2018,258,6,12,UG-C,UG,C,Y,15.2863,8
2018,9/15/2018,258,1,3,UG-D,UG,D,Y,13.0516,8
2018,9/15/2018,258,1,11,UG-D,UG,D,Y,13.0516,8
2018,9/15/2018,258,6,1,UG-D,UG,D,Y,14.2549,8
2018,9/15/2018,258,6,7,UG-D,UG,D,Y,12.0202,8
2018,9/15/2018,258,1,2,UG-W,UG,W,Y,18.0367,8
2018,9/15/2018,258,1,10,UG-W,UG,W,Y,14.083,8
2018,9/15/2018,258,6,4,UG-W,UG,W,Y,12.8797,8
2018,9/15/2018,258,6,11,UG-W,UG,W,Y,14.9425,8
2018,9/15/2018,258,2,2,DS-C,DS,C,Y,15.6301,8
2018,9/15/2018,258,2,4,DS-C,DS,C,Y,14.9425,8
2018,9/15/2018,258,4,1,DS-C,DS,C,Y,16.1458,8
2018,9/15/2018,258,4,12,DS-C,DS,C,Y,16.8334,8
2018,9/15/2018,258,2,1,DS-D,DS,D,Y,12.1921,8
2018,9/15/2018,258,2,7,DS-D,DS,D,Y,12.7078,8
2018,9/15/2018,258,4,5,DS-D,DS,D,Y,12.8797,8
2018,9/15/2018,258,4,11,DS-D,DS,D,Y,19.24,8
2018,9/15/2018,258,2,3,DS-W,DS,W,Y,14.2549,8
2018,9/15/2018,258,2,9,DS-W,DS,W,Y,15.2863,8
2018,9/15/2018,258,4,6,DS-W,DS,W,Y,13.7392,8
2018,9/15/2018,258,4,8,DS-W,DS,W,Y,20.4433,8
2018,9/15/2018,258,3,2,GS-C,GS,C,Y,15.1144,8
2018,9/15/2018,258,3,8,GS-C,GS,C,Y,15.6301,8
2018,9/15/2018,258,5,5,GS-C,GS,C,Y,15.4582,8
2018,9/15/2018,258,5,6,GS-C,GS,C,Y,14.9425,8
2018,9/15/2018,258,3,6,GS-D,GS,D,Y,11.8483,8
2018,9/15/2018,258,3,12,GS-D,GS,D,Y,12.8797,8
2018,9/15/2018,258,5,3,GS-D,GS,D,Y,12.8797,8
2018,9/15/2018,258,5,9,GS-D,GS,D,Y,12.0202,8
2018,9/15/2018,258,3,1,GS-W,GS,W,Y,15.4582,8
2018,9/15/2018,258,3,5,GS-W,GS,W,Y,21.6466,8
2018,9/15/2018,258,5,2,GS-W,GS,W,Y,15.802,8
2018,9/15/2018,258,5,8,GS-W,GS,W,Y,15.9739,8
2019,5/17/2019,137,1,1,UG-C,UG,C,Y,15.6301,4
2019,5/17/2019,137,1,8,UG-C,UG,C,Y,23.3656,4
2019,5/17/2019,137,6,9,UG-C,UG,C,Y,23.5375,4
2019,5/17/2019,137,6,12,UG-C,UG,C,Y,25.4284,4
2019,5/17/2019,137,1,3,UG-D,UG,D,Y,18.7243,4
2019,5/17/2019,137,1,11,UG-D,UG,D,Y,17.1772,4
2019,5/17/2019,137,6,1,UG-D,UG,D,Y,19.9276,4
2019,5/17/2019,137,6,7,UG-D,UG,D,Y,19.0681,4
2019,5/17/2019,137,1,2,UG-W,UG,W,Y,31.7887,4
2019,5/17/2019,137,1,10,UG-W,UG,W,Y,21.9904,4
2019,5/17/2019,137,6,4,UG-W,UG,W,Y,18.8962,4
2019,5/17/2019,137,6,11,UG-W,UG,W,Y,32.3044,4
2019,5/17/2019,137,2,2,DS-C,DS,C,Y,18.0367,4
2019,5/17/2019,137,2,4,DS-C,DS,C,Y,15.802,4
2019,5/17/2019,137,4,1,DS-C,DS,C,Y,22.8499,4
2019,5/17/2019,137,4,12,DS-C,DS,C,Y,19.5838,4
2019,5/17/2019,137,2,1,DS-D,DS,D,Y,17.0053,4
2019,5/17/2019,137,2,7,DS-D,DS,D,Y,15.2863,4
2019,5/17/2019,137,4,5,DS-D,DS,D,Y,23.1937,4
2019,5/17/2019,137,4,11,DS-D,DS,D,Y,22.5061,4
2019,5/17/2019,137,2,3,DS-W,DS,W,Y,22.5061,4
2019,5/17/2019,137,2,9,DS-W,DS,W,Y,22.8499,4
2019,5/17/2019,137,4,6,DS-W,DS,W,Y,18.2086,4
2019,5/17/2019,137,4,8,DS-W,DS,W,Y,30.4135,4
2019,5/17/2019,137,3,2,GS-C,GS,C,Y,24.7408,4
2019,5/17/2019,137,3,8,GS-C,GS,C,Y,24.5689,4
2019,5/17/2019,137,5,5,GS-C,GS,C,Y,25.9441,4
2019,5/17/2019,137,5,6,GS-C,GS,C,Y,26.9755,4
2019,5/17/2019,137,3,6,GS-D,GS,D,Y,NA,4
2019,5/17/2019,137,3,12,GS-D,GS,D,Y,15.2863,4
2019,5/17/2019,137,5,3,GS-D,GS,D,Y,20.2714,4
2019,5/17/2019,137,5,9,GS-D,GS,D,Y,21.9904,4
2019,5/17/2019,137,3,1,GS-W,GS,W,Y,25.4284,4
2019,5/17/2019,137,3,5,GS-W,GS,W,Y,39.868,4
2019,5/17/2019,137,5,2,GS-W,GS,W,Y,24.0532,4
2019,5/17/2019,137,5,8,GS-W,GS,W,Y,25.2565,4
2019,5/23/2019,143,1,1,UG-C,UG,C,Y,28.0069,10
2019,5/23/2019,143,1,8,UG-C,UG,C,Y,41.7589,10
2019,5/23/2019,143,6,9,UG-C,UG,C,Y,42.6184,10
2019,5/23/2019,143,6,12,UG-C,UG,C,Y,38.6647,10
2019,5/23/2019,143,1,3,UG-D,UG,D,Y,27.6631,10
2019,5/23/2019,143,1,11,UG-D,UG,D,Y,34.3672,10
2019,5/23/2019,143,6,1,UG-D,UG,D,Y,35.7424,10
2019,5/23/2019,143,6,7,UG-D,UG,D,Y,30.0697,10
2019,5/23/2019,143,1,2,UG-W,UG,W,Y,43.1341,10
2019,5/23/2019,143,1,10,UG-W,UG,W,Y,28.8664,10
2019,5/23/2019,143,6,4,UG-W,UG,W,Y,26.8036,10
2019,5/23/2019,143,6,11,UG-W,UG,W,Y,46.0564,10
2019,5/23/2019,143,2,2,DS-C,DS,C,Y,40.84783,10
2019,5/23/2019,143,2,4,DS-C,DS,C,Y,31.1011,10
2019,5/23/2019,143,4,1,DS-C,DS,C,Y,37.8052,10
2019,5/23/2019,143,4,12,DS-C,DS,C,Y,36.6019,10
2019,5/23/2019,143,2,1,DS-D,DS,D,Y,29.8978,10
2019,5/23/2019,143,2,7,DS-D,DS,D,Y,30.7573,10
2019,5/23/2019,143,4,5,DS-D,DS,D,Y,36.2581,10
2019,5/23/2019,143,4,11,DS-D,DS,D,Y,43.6498,10
2019,5/23/2019,143,2,3,DS-W,DS,W,Y,28.0069,10
2019,5/23/2019,143,2,9,DS-W,DS,W,Y,30.2416,10
2019,5/23/2019,143,4,6,DS-W,DS,W,Y,26.116,10
2019,5/23/2019,143,4,8,DS-W,DS,W,Y,42.9622,10
2019,5/23/2019,143,3,2,GS-C,GS,C,Y,36.2581,10
2019,5/23/2019,143,3,8,GS-C,GS,C,Y,38.3209,10
2019,5/23/2019,143,5,5,GS-C,GS,C,Y,39.5242,10
2019,5/23/2019,143,5,6,GS-C,GS,C,Y,41.2432,10
2019,5/23/2019,143,3,6,GS-D,GS,D,Y,27.6631,10
2019,5/23/2019,143,3,12,GS-D,GS,D,Y,25.6003,10
2019,5/23/2019,143,5,3,GS-D,GS,D,Y,34.1953,10
2019,5/23/2019,143,5,9,GS-D,GS,D,Y,39.0085,10
2019,5/23/2019,143,3,1,GS-W,GS,W,Y,34.3672,10
2019,5/23/2019,143,3,5,GS-W,GS,W,Y,53.4481,10
2019,5/23/2019,143,5,2,GS-W,GS,W,Y,33.3358,10
2019,5/23/2019,143,5,8,GS-W,GS,W,Y,37.6333,10
2019,5/29/2019,149,1,1,UG-C,UG,C,Y,27.835,0
2019,5/29/2019,149,1,8,UG-C,UG,C,Y,41.2432,0
2019,5/29/2019,149,6,9,UG-C,UG,C,Y,38.6647,0
2019,5/29/2019,149,6,12,UG-C,UG,C,Y,37.2895,0
2019,5/29/2019,149,1,3,UG-D,UG,D,Y,20.7871,0
2019,5/29/2019,149,1,11,UG-D,UG,D,Y,25.7722,0
2019,5/29/2019,149,6,1,UG-D,UG,D,Y,29.0383,0
2019,5/29/2019,149,6,7,UG-D,UG,D,Y,26.9755,0
2019,5/29/2019,149,1,2,UG-W,UG,W,Y,44.1655,0
2019,5/29/2019,149,1,10,UG-W,UG,W,Y,31.273,0
2019,5/29/2019,149,6,4,UG-W,UG,W,Y,25.4284,0
2019,5/29/2019,149,6,11,UG-W,UG,W,Y,42.9622,0
2019,5/29/2019,149,2,2,DS-C,DS,C,Y,34.3672,0
2019,5/29/2019,149,2,4,DS-C,DS,C,Y,31.4449,0
2019,5/29/2019,149,4,1,DS-C,DS,C,Y,35.2267,0
2019,5/29/2019,149,4,12,DS-C,DS,C,Y,36.0862,0
2019,5/29/2019,149,2,1,DS-D,DS,D,Y,23.7094,0
2019,5/29/2019,149,2,7,DS-D,DS,D,Y,22.3342,0
2019,5/29/2019,149,4,5,DS-D,DS,D,Y,31.9606,0
2019,5/29/2019,149,4,11,DS-D,DS,D,Y,31.4449,0
2019,5/29/2019,149,2,3,DS-W,DS,W,Y,30.9292,0
2019,5/29/2019,149,2,9,DS-W,DS,W,Y,34.5391,0
2019,5/29/2019,149,4,6,DS-W,DS,W,Y,28.6945,0
2019,5/29/2019,149,4,8,DS-W,DS,W,Y,45.5407,0
2019,5/29/2019,149,3,2,GS-C,GS,C,Y,34.3672,0
2019,5/29/2019,149,3,8,GS-C,GS,C,Y,36.2581,0
2019,5/29/2019,149,5,5,GS-C,GS,C,Y,36.9457,0
2019,5/29/2019,149,5,6,GS-C,GS,C,Y,37.4614,0
2019,5/29/2019,149,3,6,GS-D,GS,D,Y,21.8185,0
2019,5/29/2019,149,3,12,GS-D,GS,D,Y,20.2714,0
2019,5/29/2019,149,5,3,GS-D,GS,D,Y,28.3507,0
2019,5/29/2019,149,5,9,GS-D,GS,D,Y,32.992,0
2019,5/29/2019,149,3,1,GS-W,GS,W,Y,34.3672,0
2019,5/29/2019,149,3,5,GS-W,GS,W,Y,58.4332,0
2019,5/29/2019,149,5,2,GS-W,GS,W,Y,33.1639,0
2019,5/29/2019,149,5,8,GS-W,GS,W,Y,38.6647,0
2019,6/4/2019,155,1,1,UG-C,UG,C,Y,17.0053,6
2019,6/4/2019,155,1,8,UG-C,UG,C,Y,24.2251,6
2019,6/4/2019,155,6,9,UG-C,UG,C,Y,21.1309,6
2019,6/4/2019,155,6,12,UG-C,UG,C,Y,22.678,6
2019,6/4/2019,155,1,3,UG-D,UG,D,Y,15.4582,6
2019,6/4/2019,155,1,11,UG-D,UG,D,Y,16.4896,6
2019,6/4/2019,155,6,1,UG-D,UG,D,Y,18.0367,6
2019,6/4/2019,155,6,7,UG-D,UG,D,Y,16.1458,6
2019,6/4/2019,155,1,2,UG-W,UG,W,Y,24.9127,6
2019,6/4/2019,155,1,10,UG-W,UG,W,Y,18.2086,6
2019,6/4/2019,155,6,4,UG-W,UG,W,Y,16.6615,6
2019,6/4/2019,155,6,11,UG-W,UG,W,Y,29.0383,6
2019,6/4/2019,155,2,2,DS-C,DS,C,Y,18.3805,6
2019,6/4/2019,155,2,4,DS-C,DS,C,Y,17.0053,6
2019,6/4/2019,155,4,1,DS-C,DS,C,Y,23.8813,6
2019,6/4/2019,155,4,12,DS-C,DS,C,Y,20.7871,6
2019,6/4/2019,155,2,1,DS-D,DS,D,Y,15.802,6
2019,6/4/2019,155,2,7,DS-D,DS,D,Y,14.2549,6
2019,6/4/2019,155,4,5,DS-D,DS,D,Y,23.5375,6
2019,6/4/2019,155,4,11,DS-D,DS,D,Y,21.3028,6
2019,6/4/2019,155,2,3,DS-W,DS,W,Y,18.2086,6
2019,6/4/2019,155,2,9,DS-W,DS,W,Y,19.0681,6
2019,6/4/2019,155,4,6,DS-W,DS,W,Y,16.3177,6
2019,6/4/2019,155,4,8,DS-W,DS,W,Y,30.4135,6
2019,6/4/2019,155,3,2,GS-C,GS,C,Y,24.2251,6
2019,6/4/2019,155,3,8,GS-C,GS,C,Y,24.0532,6
2019,6/4/2019,155,5,5,GS-C,GS,C,Y,25.9441,6
2019,6/4/2019,155,5,6,GS-C,GS,C,Y,24.2251,6
2019,6/4/2019,155,3,6,GS-D,GS,D,Y,14.4268,6
2019,6/4/2019,155,3,12,GS-D,GS,D,Y,14.4268,6
2019,6/4/2019,155,5,3,GS-D,GS,D,Y,16.4896,6
2019,6/4/2019,155,5,9,GS-D,GS,D,Y,19.9276,6
2019,6/4/2019,155,3,1,GS-W,GS,W,Y,20.2714,6
2019,6/4/2019,155,3,5,GS-W,GS,W,Y,32.6482,6
2019,6/4/2019,155,5,2,GS-W,GS,W,Y,20.6152,6
2019,6/4/2019,155,5,8,GS-W,GS,W,Y,21.4747,6
2019,6/10/2019,161,1,1,UG-C,UG,C,Y,15.2863,4
2019,6/10/2019,161,1,8,UG-C,UG,C,Y,21.1309,4
2019,6/10/2019,161,6,9,UG-C,UG,C,Y,17.6929,4
2019,6/10/2019,161,6,12,UG-C,UG,C,Y,19.9276,4
2019,6/10/2019,161,1,3,UG-D,UG,D,Y,13.5673,4
2019,6/10/2019,161,1,11,UG-D,UG,D,Y,15.2863,4
2019,6/10/2019,161,6,1,UG-D,UG,D,Y,16.1458,4
2019,6/10/2019,161,6,7,UG-D,UG,D,Y,13.7392,4
2019,6/10/2019,161,1,2,UG-W,UG,W,Y,24.5689,4
2019,6/10/2019,161,1,10,UG-W,UG,W,Y,18.0367,4
2019,6/10/2019,161,6,4,UG-W,UG,W,Y,18.7243,4
2019,6/10/2019,161,6,11,UG-W,UG,W,Y,23.3656,4
2019,6/10/2019,161,2,2,DS-C,DS,C,Y,17.0053,4
2019,6/10/2019,161,2,4,DS-C,DS,C,Y,15.6301,4
2019,6/10/2019,161,4,1,DS-C,DS,C,Y,20.0995,4
2019,6/10/2019,161,4,12,DS-C,DS,C,Y,19.4119,4
2019,6/10/2019,161,2,1,DS-D,DS,D,Y,13.7392,4
2019,6/10/2019,161,2,7,DS-D,DS,D,Y,13.2235,4
2019,6/10/2019,161,4,5,DS-D,DS,D,Y,15.4582,4
2019,6/10/2019,161,4,11,DS-D,DS,D,Y,20.0995,4
2019,6/10/2019,161,2,3,DS-W,DS,W,Y,18.3805,4
2019,6/10/2019,161,2,9,DS-W,DS,W,Y,20.6152,4
2019,6/10/2019,161,4,6,DS-W,DS,W,Y,16.4896,4
2019,6/10/2019,161,4,8,DS-W,DS,W,Y,27.4912,4
2019,6/10/2019,161,3,2,GS-C,GS,C,Y,19.5838,4
2019,6/10/2019,161,3,8,GS-C,GS,C,Y,19.0681,4
2019,6/10/2019,161,5,5,GS-C,GS,C,Y,20.7871,4
2019,6/10/2019,161,5,6,GS-C,GS,C,Y,18.5524,4
2019,6/10/2019,161,3,6,GS-D,GS,D,Y,12.7078,4
2019,6/10/2019,161,3,12,GS-D,GS,D,Y,13.5673,4
2019,6/10/2019,161,5,3,GS-D,GS,D,Y,14.2549,4
2019,6/10/2019,161,5,9,GS-D,GS,D,Y,13.9111,4
2019,6/10/2019,161,3,1,GS-W,GS,W,Y,20.7871,4
2019,6/10/2019,161,3,5,GS-W,GS,W,Y,28.6945,4
2019,6/10/2019,161,5,2,GS-W,GS,W,Y,19.4119,4
2019,6/10/2019,161,5,8,GS-W,GS,W,Y,19.4119,4
2019,6/28/2019,179,1,1,UG-C,UG,C,Y,15.802,22
2019,6/28/2019,179,1,8,UG-C,UG,C,Y,21.1309,22
2019,6/28/2019,179,6,9,UG-C,UG,C,Y,15.9739,22
2019,6/28/2019,179,6,12,UG-C,UG,C,Y,17.6929,22
2019,6/28/2019,179,1,3,UG-D,UG,D,Y,16.6615,22
2019,6/28/2019,179,1,11,UG-D,UG,D,Y,18.3805,22
2019,6/28/2019,179,6,1,UG-D,UG,D,Y,20.6152,22
2019,6/28/2019,179,6,7,UG-D,UG,D,Y,15.2863,22
2019,6/28/2019,179,1,2,UG-W,UG,W,Y,20.6152,22
2019,6/28/2019,179,1,10,UG-W,UG,W,Y,14.083,22
2019,6/28/2019,179,6,4,UG-W,UG,W,Y,13.3954,22
2019,6/28/2019,179,6,11,UG-W,UG,W,Y,15.6301,22
2019,6/28/2019,179,2,2,DS-C,DS,C,Y,16.6615,22
2019,6/28/2019,179,2,4,DS-C,DS,C,Y,14.5987,22
2019,6/28/2019,179,4,1,DS-C,DS,C,Y,18.5524,22
2019,6/28/2019,179,4,12,DS-C,DS,C,Y,17.6929,22
2019,6/28/2019,179,2,1,DS-D,DS,D,Y,NA,22
2019,6/28/2019,179,2,7,DS-D,DS,D,Y,16.8334,22
2019,6/28/2019,179,4,5,DS-D,DS,D,Y,15.2863,22
2019,6/28/2019,179,4,11,DS-D,DS,D,Y,22.8499,22
2019,6/28/2019,179,2,3,DS-W,DS,W,Y,13.7392,22
2019,6/28/2019,179,2,9,DS-W,DS,W,Y,16.1458,22
2019,6/28/2019,179,4,6,DS-W,DS,W,Y,13.9111,22
2019,6/28/2019,179,4,8,DS-W,DS,W,Y,20.0995,22
2019,6/28/2019,179,3,2,GS-C,GS,C,Y,17.0053,22
2019,6/28/2019,179,3,8,GS-C,GS,C,Y,16.6615,22
2019,6/28/2019,179,5,5,GS-C,GS,C,Y,17.1772,22
2019,6/28/2019,179,5,6,GS-C,GS,C,Y,16.4896,22
2019,6/28/2019,179,3,6,GS-D,GS,D,Y,15.1144,22
2019,6/28/2019,179,3,12,GS-D,GS,D,Y,16.4896,22
2019,6/28/2019,179,5,3,GS-D,GS,D,Y,16.6615,22
2019,6/28/2019,179,5,9,GS-D,GS,D,Y,15.802,22
2019,6/28/2019,179,3,1,GS-W,GS,W,Y,12.5359,22
2019,6/28/2019,179,3,5,GS-W,GS,W,Y,11.1607,22
2019,6/28/2019,179,5,2,GS-W,GS,W,Y,15.2863,22
2019,6/28/2019,179,5,8,GS-W,GS,W,Y,15.9739,22
2019,7/9/2019,190,1,1,UG-C,UG,C,Y,17.9,0
2019,7/9/2019,190,1,8,UG-C,UG,C,Y,23.5,0
2019,7/9/2019,190,6,9,UG-C,UG,C,Y,21.2,0
2019,7/9/2019,190,6,12,UG-C,UG,C,Y,21.7,0
2019,7/9/2019,190,1,3,UG-D,UG,D,Y,14.4,0
2019,7/9/2019,190,1,11,UG-D,UG,D,Y,15.4,0
2019,7/9/2019,190,6,1,UG-D,UG,D,Y,16.7,0
2019,7/9/2019,190,6,7,UG-D,UG,D,Y,13.8,0
2019,7/9/2019,190,1,2,UG-W,UG,W,Y,28.1,0
2019,7/9/2019,190,1,10,UG-W,UG,W,Y,21.6,0
2019,7/9/2019,190,6,4,UG-W,UG,W,Y,21.8,0
2019,7/9/2019,190,6,11,UG-W,UG,W,Y,26.5,0
2019,7/9/2019,190,2,2,DS-C,DS,C,Y,21.2,0
2019,7/9/2019,190,2,4,DS-C,DS,C,Y,18.5,0
2019,7/9/2019,190,4,1,DS-C,DS,C,Y,20.7,0
2019,7/9/2019,190,4,12,DS-C,DS,C,Y,23.8,0
2019,7/9/2019,190,2,1,DS-D,DS,D,Y,14.2,0
2019,7/9/2019,190,2,7,DS-D,DS,D,Y,14.4,0
2019,7/9/2019,190,4,5,DS-D,DS,D,Y,14.1,0
2019,7/9/2019,190,4,11,DS-D,DS,D,Y,19,0
2019,7/9/2019,190,2,3,DS-W,DS,W,Y,19.9,0
2019,7/9/2019,190,2,9,DS-W,DS,W,Y,23,0
2019,7/9/2019,190,4,6,DS-W,DS,W,Y,20.6,0
2019,7/9/2019,190,4,8,DS-W,DS,W,Y,30.4,0
2019,7/9/2019,190,3,2,GS-C,GS,C,Y,20.1,0
2019,7/9/2019,190,3,8,GS-C,GS,C,Y,20.9,0
2019,7/9/2019,190,5,5,GS-C,GS,C,Y,22.5,0
2019,7/9/2019,190,5,6,GS-C,GS,C,Y,24,0
2019,7/9/2019,190,3,6,GS-D,GS,D,Y,13.3,0
2019,7/9/2019,190,3,12,GS-D,GS,D,Y,14.3,0
2019,7/9/2019,190,5,3,GS-D,GS,D,Y,14.9,0
2019,7/9/2019,190,5,9,GS-D,GS,D,Y,14.8,0
2019,7/9/2019,190,3,1,GS-W,GS,W,Y,26,0
2019,7/9/2019,190,3,5,GS-W,GS,W,Y,31.5,0
2019,7/9/2019,190,5,2,GS-W,GS,W,Y,22.1,0
2019,7/9/2019,190,5,8,GS-W,GS,W,Y,24.4,0
2019,7/16/2019,197,1,1,UG-C,UG,C,Y,13.3,7
2019,7/16/2019,197,1,8,UG-C,UG,C,Y,17.1,7
2019,7/16/2019,197,6,9,UG-C,UG,C,Y,14.9,7
2019,7/16/2019,197,6,12,UG-C,UG,C,Y,16.3,7
2019,7/16/2019,197,1,3,UG-D,UG,D,Y,12.4,7
2019,7/16/2019,197,1,11,UG-D,UG,D,Y,13.7,7
2019,7/16/2019,197,6,1,UG-D,UG,D,Y,14.8,7
2019,7/16/2019,197,6,7,UG-D,UG,D,Y,12.6,7
2019,7/16/2019,197,1,2,UG-W,UG,W,Y,17.5,7
2019,7/16/2019,197,1,10,UG-W,UG,W,Y,14,7
2019,7/16/2019,197,6,4,UG-W,UG,W,Y,13.7,7
2019,7/16/2019,197,6,11,UG-W,UG,W,Y,11.8,7
2019,7/16/2019,197,2,2,DS-C,DS,C,Y,15.1,7
2019,7/16/2019,197,2,4,DS-C,DS,C,Y,13.5,7
2019,7/16/2019,197,4,1,DS-C,DS,C,Y,16.3,7
2019,7/16/2019,197,4,12,DS-C,DS,C,Y,17.1,7
2019,7/16/2019,197,2,1,DS-D,DS,D,Y,12.2,7
2019,7/16/2019,197,2,7,DS-D,DS,D,Y,12.5,7
2019,7/16/2019,197,4,5,DS-D,DS,D,Y,12,7
2019,7/16/2019,197,4,11,DS-D,DS,D,Y,17.8,7
2019,7/16/2019,197,2,3,DS-W,DS,W,Y,13.5,7
2019,7/16/2019,197,2,9,DS-W,DS,W,Y,15.5,7
2019,7/16/2019,197,4,6,DS-W,DS,W,Y,14.1,7
2019,7/16/2019,197,4,8,DS-W,DS,W,Y,18.9,7
2019,7/16/2019,197,3,2,GS-C,GS,C,Y,15.3,7
2019,7/16/2019,197,3,8,GS-C,GS,C,Y,15,7
2019,7/16/2019,197,5,5,GS-C,GS,C,Y,15.4,7
2019,7/16/2019,197,5,6,GS-C,GS,C,Y,16.6,7
2019,7/16/2019,197,3,6,GS-D,GS,D,Y,11.1,7
2019,7/16/2019,197,3,12,GS-D,GS,D,Y,12.2,7
2019,7/16/2019,197,5,3,GS-D,GS,D,Y,12.9,7
2019,7/16/2019,197,5,9,GS-D,GS,D,Y,11.9,7
2019,7/16/2019,197,3,1,GS-W,GS,W,Y,16,7
2019,7/16/2019,197,3,5,GS-W,GS,W,Y,20.2,7
2019,7/16/2019,197,5,2,GS-W,GS,W,Y,15,7
2019,7/16/2019,197,5,8,GS-W,GS,W,Y,15.9,7
2019,7/26/2019,207,1,1,UG-C,UG,C,Y,15.4,3
2019,7/26/2019,207,1,8,UG-C,UG,C,Y,18,3
2019,7/26/2019,207,6,9,UG-C,UG,C,Y,17.5,3
2019,7/26/2019,207,6,12,UG-C,UG,C,Y,18.3,3
2019,7/26/2019,207,1,3,UG-D,UG,D,Y,13.3,3
2019,7/26/2019,207,1,11,UG-D,UG,D,Y,14.4,3
2019,7/26/2019,207,6,1,UG-D,UG,D,Y,15.3,3
2019,7/26/2019,207,6,7,UG-D,UG,D,Y,17.5,3
2019,7/26/2019,207,1,2,UG-W,UG,W,Y,20.8,3
2019,7/26/2019,207,1,10,UG-W,UG,W,Y,17,3
2019,7/26/2019,207,6,4,UG-W,UG,W,Y,17.9,3
2019,7/26/2019,207,6,11,UG-W,UG,W,Y,20.5,3
2019,7/26/2019,207,2,2,DS-C,DS,C,Y,17.8,3
2019,7/26/2019,207,2,4,DS-C,DS,C,Y,15.9,3
2019,7/26/2019,207,4,1,DS-C,DS,C,Y,18,3
2019,7/26/2019,207,4,12,DS-C,DS,C,Y,18.8,3
2019,7/26/2019,207,2,1,DS-D,DS,D,Y,12.1,3
2019,7/26/2019,207,2,7,DS-D,DS,D,Y,12.8,3
2019,7/26/2019,207,4,5,DS-D,DS,D,Y,12.4,3
2019,7/26/2019,207,4,11,DS-D,DS,D,Y,17.9,3
2019,7/26/2019,207,2,3,DS-W,DS,W,Y,16.6,3
2019,7/26/2019,207,2,9,DS-W,DS,W,Y,18,3
2019,7/26/2019,207,4,6,DS-W,DS,W,Y,17.2,3
2019,7/26/2019,207,4,8,DS-W,DS,W,Y,22.5,3
2019,7/26/2019,207,3,2,GS-C,GS,C,Y,17.3,3
2019,7/26/2019,207,3,8,GS-C,GS,C,Y,17.2,3
2019,7/26/2019,207,5,5,GS-C,GS,C,Y,17.4,3
2019,7/26/2019,207,5,6,GS-C,GS,C,Y,18.9,3
2019,7/26/2019,207,3,6,GS-D,GS,D,Y,12.3,3
2019,7/26/2019,207,3,12,GS-D,GS,D,Y,12.9,3
2019,7/26/2019,207,5,3,GS-D,GS,D,Y,13.4,3
2019,7/26/2019,207,5,9,GS-D,GS,D,Y,12.1,3
2019,7/26/2019,207,3,1,GS-W,GS,W,Y,20.1,3
2019,7/26/2019,207,3,5,GS-W,GS,W,Y,24.6,3
2019,7/26/2019,207,5,2,GS-W,GS,W,Y,19.7,3
2019,7/26/2019,207,5,8,GS-W,GS,W,Y,20.1,3
2019,8/12/2019,224,1,1,UG-C,UG,C,Y,11,6
2019,8/12/2019,224,1,8,UG-C,UG,C,Y,14.8,6
2019,8/12/2019,224,6,9,UG-C,UG,C,Y,13.8,6
2019,8/12/2019,224,6,12,UG-C,UG,C,Y,14.7,6
2019,8/12/2019,224,1,3,UG-D,UG,D,Y,11.8,6
2019,8/12/2019,224,1,11,UG-D,UG,D,Y,10,6
2019,8/12/2019,224,6,1,UG-D,UG,D,Y,13.9,6
2019,8/12/2019,224,6,7,UG-D,UG,D,Y,11.3,6
2019,8/12/2019,224,1,2,UG-W,UG,W,Y,15.4,6
2019,8/12/2019,224,1,10,UG-W,UG,W,Y,11,6
2019,8/12/2019,224,6,4,UG-W,UG,W,Y,11.6,6
2019,8/12/2019,224,6,11,UG-W,UG,W,Y,12.7,6
2019,8/12/2019,224,2,2,DS-C,DS,C,Y,12.9,6
2019,8/12/2019,224,2,4,DS-C,DS,C,Y,11,6
2019,8/12/2019,224,4,1,DS-C,DS,C,Y,14.8,6
2019,8/12/2019,224,4,12,DS-C,DS,C,Y,15.2,6
2019,8/12/2019,224,2,1,DS-D,DS,D,Y,11,6
2019,8/12/2019,224,2,7,DS-D,DS,D,Y,11.5,6
2019,8/12/2019,224,4,5,DS-D,DS,D,Y,11.4,6
2019,8/12/2019,224,4,11,DS-D,DS,D,Y,17,6
2019,8/12/2019,224,2,3,DS-W,DS,W,Y,11,6
2019,8/12/2019,224,2,9,DS-W,DS,W,Y,13.5,6
2019,8/12/2019,224,4,6,DS-W,DS,W,Y,11.8,6
2019,8/12/2019,224,4,8,DS-W,DS,W,Y,16.5,6
2019,8/12/2019,224,3,2,GS-C,GS,C,Y,13.2,6
2019,8/12/2019,224,3,8,GS-C,GS,C,Y,13.3,6
2019,8/12/2019,224,5,5,GS-C,GS,C,Y,13.6,6
2019,8/12/2019,224,5,6,GS-C,GS,C,Y,14.2,6
2019,8/12/2019,224,3,6,GS-D,GS,D,Y,10.5,6
2019,8/12/2019,224,3,12,GS-D,GS,D,Y,11.6,6
2019,8/12/2019,224,5,3,GS-D,GS,D,Y,11.3,6
2019,8/12/2019,224,5,9,GS-D,GS,D,Y,11,6
2019,8/12/2019,224,3,1,GS-W,GS,W,Y,13.6,6
2019,8/12/2019,224,3,5,GS-W,GS,W,Y,18,6
2019,8/12/2019,224,5,2,GS-W,GS,W,Y,12.6,6
2019,8/12/2019,224,5,8,GS-W,GS,W,Y,13.6,6
2019,9/9/2019,252,1,1,UG-C,UG,C,Y,18.4,0
2019,9/9/2019,252,1,8,UG-C,UG,C,Y,16.9,0
2019,9/9/2019,252,6,9,UG-C,UG,C,Y,20.4,0
2019,9/9/2019,252,6,12,UG-C,UG,C,Y,21.6,0
2019,9/9/2019,252,1,3,UG-D,UG,D,Y,12.9,0
2019,9/9/2019,252,1,11,UG-D,UG,D,Y,14.8,0
2019,9/9/2019,252,6,1,UG-D,UG,D,Y,15.5,0
2019,9/9/2019,252,6,7,UG-D,UG,D,Y,12.9,0
2019,9/9/2019,252,1,2,UG-W,UG,W,Y,29.9,0
2019,9/9/2019,252,1,10,UG-W,UG,W,Y,20.6,0
2019,9/9/2019,252,6,4,UG-W,UG,W,Y,18.8,0
2019,9/9/2019,252,6,11,UG-W,UG,W,Y,25.7,0
2019,9/9/2019,252,2,2,DS-C,DS,C,Y,20.8,0
2019,9/9/2019,252,2,4,DS-C,DS,C,Y,20.7,0
2019,9/9/2019,252,4,1,DS-C,DS,C,Y,19.2,0
2019,9/9/2019,252,4,12,DS-C,DS,C,Y,23.7,0
2019,9/9/2019,252,2,1,DS-D,DS,D,Y,13.4,0
2019,9/9/2019,252,2,7,DS-D,DS,D,Y,13.7,0
2019,9/9/2019,252,4,5,DS-D,DS,D,Y,12.8,0
2019,9/9/2019,252,4,11,DS-D,DS,D,Y,17.9,0
2019,9/9/2019,252,2,3,DS-W,DS,W,Y,21.8,0
2019,9/9/2019,252,2,9,DS-W,DS,W,Y,24.2,0
2019,9/9/2019,252,4,6,DS-W,DS,W,Y,22,0
2019,9/9/2019,252,4,8,DS-W,DS,W,Y,30.3,0
2019,9/9/2019,252,3,2,GS-C,GS,C,Y,20.7,0
2019,9/9/2019,252,3,8,GS-C,GS,C,Y,20.9,0
2019,9/9/2019,252,5,5,GS-C,GS,C,Y,20,0
2019,9/9/2019,252,5,6,GS-C,GS,C,Y,20.8,0
2019,9/9/2019,252,3,6,GS-D,GS,D,Y,12.5,0
2019,9/9/2019,252,3,12,GS-D,GS,D,Y,12,0
2019,9/9/2019,252,5,3,GS-D,GS,D,Y,13.4,0
2019,9/9/2019,252,5,9,GS-D,GS,D,Y,12.6,0
2019,9/9/2019,252,3,1,GS-W,GS,W,Y,27,0
2019,9/9/2019,252,3,5,GS-W,GS,W,Y,43.9,0
2019,9/9/2019,252,5,2,GS-W,GS,W,Y,26.5,0
2019,9/9/2019,252,5,8,GS-W,GS,W,Y,23.8,0
2019,9/18/2019,261,1,1,UG-C,UG,C,Y,11,9
2019,9/18/2019,261,1,8,UG-C,UG,C,Y,14.7,9
2019,9/18/2019,261,6,9,UG-C,UG,C,Y,12.8,9
2019,9/18/2019,261,6,12,UG-C,UG,C,Y,14.1,9
2019,9/18/2019,261,1,3,UG-D,UG,D,Y,11.7,9
2019,9/18/2019,261,1,11,UG-D,UG,D,Y,12,9
2019,9/18/2019,261,6,1,UG-D,UG,D,Y,12.9,9
2019,9/18/2019,261,6,7,UG-D,UG,D,Y,10.8,9
2019,9/18/2019,261,1,2,UG-W,UG,W,Y,15.5,9
2019,9/18/2019,261,1,10,UG-W,UG,W,Y,11.4,9
2019,9/18/2019,261,6,4,UG-W,UG,W,Y,10.3,9
2019,9/18/2019,261,6,11,UG-W,UG,W,Y,12,9
2019,9/18/2019,261,2,2,DS-C,DS,C,Y,12.3,9
2019,9/18/2019,261,2,4,DS-C,DS,C,Y,11,9
2019,9/18/2019,261,4,1,DS-C,DS,C,Y,14.7,9
2019,9/18/2019,261,4,12,DS-C,DS,C,Y,14.7,9
2019,9/18/2019,261,2,1,DS-D,DS,D,Y,10.9,9
2019,9/18/2019,261,2,7,DS-D,DS,D,Y,11.1,9
2019,9/18/2019,261,4,5,DS-D,DS,D,Y,10.9,9
2019,9/18/2019,261,4,11,DS-D,DS,D,Y,16.4,9
2019,9/18/2019,261,2,3,DS-W,DS,W,Y,10.9,9
2019,9/18/2019,261,2,9,DS-W,DS,W,Y,12.9,9
2019,9/18/2019,261,4,6,DS-W,DS,W,Y,11.3,9
2019,9/18/2019,261,4,8,DS-W,DS,W,Y,16.3,9
2019,9/18/2019,261,3,2,GS-C,GS,C,Y,13.8,9
2019,9/18/2019,261,3,8,GS-C,GS,C,Y,12.3,9
2019,9/18/2019,261,5,5,GS-C,GS,C,Y,12.9,9
2019,9/18/2019,261,5,6,GS-C,GS,C,Y,13.4,9
2019,9/18/2019,261,3,6,GS-D,GS,D,Y,10.1,9
2019,9/18/2019,261,3,12,GS-D,GS,D,Y,10.5,9
2019,9/18/2019,261,5,3,GS-D,GS,D,Y,10.8,9
2019,9/18/2019,261,5,9,GS-D,GS,D,Y,10.8,9
2019,9/18/2019,261,3,1,GS-W,GS,W,Y,12.8,9
2019,9/18/2019,261,3,5,GS-W,GS,W,Y,17.5,9
2019,9/18/2019,261,5,2,GS-W,GS,W,Y,12.4,9
2019,9/18/2019,261,5,8,GS-W,GS,W,Y,13.3,9
2020,4/21/2020,112,1,1,UG-C,UG,C,N,9.7,NA
2020,4/21/2020,112,1,8,UG-C,UG,C,N,15.3,NA
2020,4/21/2020,112,6,9,UG-C,UG,C,N,21.5,NA
2020,4/21/2020,112,6,12,UG-C,UG,C,N,20,NA
2020,4/21/2020,112,1,3,UG-D,UG,D,N,9.7,NA
2020,4/21/2020,112,1,11,UG-D,UG,D,N,12.5,NA
2020,4/21/2020,112,6,1,UG-D,UG,D,N,26.5,NA
2020,4/21/2020,112,6,7,UG-D,UG,D,N,19.1,NA
2020,4/21/2020,112,1,2,UG-W,UG,W,N,15.7,NA
2020,4/21/2020,112,1,10,UG-W,UG,W,N,8.9,NA
2020,4/21/2020,112,6,4,UG-W,UG,W,N,9.3,NA
2020,4/21/2020,112,6,11,UG-W,UG,W,N,22.4,NA
2020,4/21/2020,112,2,2,DS-C,DS,C,N,13.8,NA
2020,4/21/2020,112,2,4,DS-C,DS,C,N,11.6,NA
2020,4/21/2020,112,4,1,DS-C,DS,C,N,19.6,NA
2020,4/21/2020,112,4,12,DS-C,DS,C,N,17.2,NA
2020,4/21/2020,112,2,1,DS-D,DS,D,N,11.2,NA
2020,4/21/2020,112,2,7,DS-D,DS,D,N,NA,NA
2020,4/21/2020,112,4,5,DS-D,DS,D,N,19.4,NA
2020,4/21/2020,112,4,11,DS-D,DS,D,N,18.1,NA
2020,4/21/2020,112,2,3,DS-W,DS,W,N,10.9,NA
2020,4/21/2020,112,2,9,DS-W,DS,W,N,10.9,NA
2020,4/21/2020,112,4,6,DS-W,DS,W,N,11,NA
2020,4/21/2020,112,4,8,DS-W,DS,W,N,24,NA
2020,4/21/2020,112,3,2,GS-C,GS,C,N,19.2,NA
2020,4/21/2020,112,3,8,GS-C,GS,C,N,16.9,NA
2020,4/21/2020,112,5,5,GS-C,GS,C,N,NA,NA
2020,4/21/2020,112,5,6,GS-C,GS,C,N,23.4,NA
2020,4/21/2020,112,3,6,GS-D,GS,D,N,9.8,NA
2020,4/21/2020,112,3,12,GS-D,GS,D,N,11,NA
2020,4/21/2020,112,5,3,GS-D,GS,D,N,22.6,NA
2020,4/21/2020,112,5,9,GS-D,GS,C,N,20.2,NA
2020,4/21/2020,112,3,1,GS-W,GS,W,N,16.5,NA
2020,4/21/2020,112,3,5,GS-W,GS,W,N,23.2,NA
2020,4/21/2020,112,5,2,GS-W,GS,W,N,17.7,NA
2020,4/21/2020,112,5,8,GS-W,GS,W,N,21.3,NA
2020,5/6/2020,127,1,1,UG-C,UG,C,N,2,NA
2020,5/6/2020,127,1,8,UG-C,UG,C,N,4.6,NA
2020,5/6/2020,127,6,9,UG-C,UG,C,N,5.6,NA
2020,5/6/2020,127,6,12,UG-C,UG,C,N,6.5,NA
2020,5/6/2020,127,1,3,UG-D,UG,D,N,3,NA
2020,5/6/2020,127,1,11,UG-D,UG,D,N,2.8,NA
2020,5/6/2020,127,6,1,UG-D,UG,D,N,5,NA
2020,5/6/2020,127,6,7,UG-D,UG,D,N,3.8,NA
2020,5/6/2020,127,1,2,UG-W,UG,W,N,4.6,NA
2020,5/6/2020,127,1,10,UG-W,UG,W,N,1.8,NA
2020,5/6/2020,127,6,4,UG-W,UG,W,N,2.2,NA
2020,5/6/2020,127,6,11,UG-W,UG,W,N,6.8,NA
2020,5/6/2020,127,2,2,DS-C,DS,C,N,3.9,NA
2020,5/6/2020,127,2,4,DS-C,DS,C,N,2,NA
2020,5/6/2020,127,4,1,DS-C,DS,C,N,8.1,NA
2020,5/6/2020,127,4,12,DS-C,DS,C,N,5.4,NA
2020,5/6/2020,127,2,1,DS-D,DS,D,N,2.9,NA
2020,5/6/2020,127,2,7,DS-D,DS,D,N,NA,NA
2020,5/6/2020,127,4,5,DS-D,DS,D,N,6.1,NA
2020,5/6/2020,127,4,11,DS-D,DS,D,N,6.1,NA
2020,5/6/2020,127,2,3,DS-W,DS,W,N,3,NA
2020,5/6/2020,127,2,9,DS-W,DS,W,N,2.5,NA
2020,5/6/2020,127,4,6,DS-W,DS,W,N,2.3,NA
2020,5/6/2020,127,4,8,DS-W,DS,W,N,8.8,NA
2020,5/6/2020,127,3,2,GS-C,GS,C,N,6.7,NA
2020,5/6/2020,127,3,8,GS-C,GS,C,N,2.9,NA
2020,5/6/2020,127,5,5,GS-C,GS,C,N,NA,NA
2020,5/6/2020,127,5,6,GS-C,GS,C,N,2.4,NA
2020,5/6/2020,127,3,6,GS-D,GS,D,N,1.9,NA
2020,5/6/2020,127,3,12,GS-D,GS,D,N,2.3,NA
2020,5/6/2020,127,5,3,GS-D,GS,D,N,4.6,NA
2020,5/6/2020,127,5,9,GS-D,GS,C,N,4.7,NA
2020,5/6/2020,127,3,1,GS-W,GS,W,N,4.5,NA
2020,5/6/2020,127,3,5,GS-W,GS,W,N,7.1,NA
2020,5/6/2020,127,5,2,GS-W,GS,W,N,3.6,NA
2020,5/6/2020,127,5,8,GS-W,GS,W,N,4.4,NA
2020,5/19/2020,140,1,1,UG-C,UG,C,Y,1.3,3
2020,5/19/2020,140,1,8,UG-C,UG,C,Y,3.6,3
2020,5/19/2020,140,6,9,UG-C,UG,C,Y,3.5,3
2020,5/19/2020,140,6,12,UG-C,UG,C,Y,3.5,3
2020,5/19/2020,140,1,3,UG-D,UG,D,Y,1.5,3
2020,5/19/2020,140,1,11,UG-D,UG,D,Y,1.7,3
2020,5/19/2020,140,6,1,UG-D,UG,D,Y,3.1,3
2020,5/19/2020,140,6,7,UG-D,UG,D,Y,1.7,3
2020,5/19/2020,140,1,2,UG-W,UG,W,Y,2.5,3
2020,5/19/2020,140,1,10,UG-W,UG,W,Y,1.8,3
2020,5/19/2020,140,6,4,UG-W,UG,W,Y,1.8,3
2020,5/19/2020,140,6,11,UG-W,UG,W,Y,3,3
2020,5/19/2020,140,2,2,DS-C,DS,C,Y,2.4,3
2020,5/19/2020,140,2,4,DS-C,DS,C,Y,1.5,3
2020,5/19/2020,140,4,1,DS-C,DS,C,Y,4.8,3
2020,5/19/2020,140,4,12,DS-C,DS,C,Y,3.8,3
2020,5/19/2020,140,2,1,DS-D,DS,D,Y,1.1,3
2020,5/19/2020,140,2,7,DS-D,DS,D,Y,NA,3
2020,5/19/2020,140,4,5,DS-D,DS,D,Y,1.6,3
2020,5/19/2020,140,4,11,DS-D,DS,D,Y,2.7,3
2020,5/19/2020,140,2,3,DS-W,DS,W,Y,2.4,3
2020,5/19/2020,140,2,9,DS-W,DS,W,Y,2.7,3
2020,5/19/2020,140,4,6,DS-W,DS,W,Y,2.4,3
2020,5/19/2020,140,4,8,DS-W,DS,W,Y,5.9,3
2020,5/19/2020,140,3,2,GS-C,GS,C,Y,3.1,3
2020,5/19/2020,140,3,8,GS-C,GS,C,Y,2.5,3
2020,5/19/2020,140,5,5,GS-C,GS,C,Y,NA,3
2020,5/19/2020,140,5,6,GS-C,GS,C,Y,3.1,3
2020,5/19/2020,140,3,6,GS-D,GS,D,Y,0.8,3
2020,5/19/2020,140,3,12,GS-D,GS,D,Y,1.3,3
2020,5/19/2020,140,5,3,GS-D,GS,D,Y,1.8,3
2020,5/19/2020,140,5,9,GS-D,GS,C,Y,1.3,3
2020,5/19/2020,140,3,1,GS-W,GS,W,Y,2.6,3
2020,5/19/2020,140,3,5,GS-W,GS,W,Y,6,3
2020,5/19/2020,140,5,2,GS-W,GS,W,Y,2.3,3
2020,5/19/2020,140,5,8,GS-W,GS,W,Y,2.5,3
2020,5/25/2020,146,1,1,UG-C,UG,C,Y,10.4,0
2020,5/25/2020,146,1,8,UG-C,UG,C,Y,14.8,0
2020,5/25/2020,146,6,9,UG-C,UG,C,Y,14.7,0
2020,5/25/2020,146,6,12,UG-C,UG,C,Y,13.5,0
2020,5/25/2020,146,1,3,UG-D,UG,D,Y,3,0
2020,5/25/2020,146,1,11,UG-D,UG,D,Y,6,0
2020,5/25/2020,146,6,1,UG-D,UG,D,Y,6,0
2020,5/25/2020,146,6,7,UG-D,UG,D,Y,3.8,0
2020,5/25/2020,146,1,2,UG-W,UG,W,Y,23.2,0
2020,5/25/2020,146,1,10,UG-W,UG,W,Y,13.5,0
2020,5/25/2020,146,6,4,UG-W,UG,W,Y,9.8,0
2020,5/25/2020,146,6,11,UG-W,UG,W,Y,21.7,0
2020,5/25/2020,146,2,2,DS-C,DS,C,Y,11.2,0
2020,5/25/2020,146,2,4,DS-C,DS,C,Y,10.4,0
2020,5/25/2020,146,4,1,DS-C,DS,C,Y,13.3,0
2020,5/25/2020,146,4,12,DS-C,DS,C,Y,14.7,0
2020,5/25/2020,146,2,1,DS-D,DS,D,Y,4.2,0
2020,5/25/2020,146,2,7,DS-D,DS,D,Y,NA,0
2020,5/25/2020,146,4,5,DS-D,DS,D,Y,4.6,0
2020,5/25/2020,146,4,11,DS-D,DS,D,Y,6.7,0
2020,5/25/2020,146,2,3,DS-W,DS,W,Y,15.5,0
2020,5/25/2020,146,2,9,DS-W,DS,W,Y,15.5,0
2020,5/25/2020,146,4,6,DS-W,DS,W,Y,17.5,0
2020,5/25/2020,146,4,8,DS-W,DS,W,Y,23.3,0
2020,5/25/2020,146,3,2,GS-C,GS,C,Y,12.2,0
2020,5/25/2020,146,3,8,GS-C,GS,C,Y,11,0
2020,5/25/2020,146,5,5,GS-C,GS,C,Y,NA,0
2020,5/25/2020,146,5,6,GS-C,GS,C,Y,12.1,0
2020,5/25/2020,146,3,6,GS-D,GS,D,Y,3.3,0
2020,5/25/2020,146,3,12,GS-D,GS,D,Y,3.6,0
2020,5/25/2020,146,5,3,GS-D,GS,D,Y,5,0
2020,5/25/2020,146,5,9,GS-D,GS,C,Y,3.5,0
2020,5/25/2020,146,3,1,GS-W,GS,W,Y,17.9,0
2020,5/25/2020,146,3,5,GS-W,GS,W,Y,33,0
2020,5/25/2020,146,5,2,GS-W,GS,W,Y,18.8,0
2020,5/25/2020,146,5,8,GS-W,GS,W,Y,21.7,0
2020,6/1/2020,153,1,1,UG-C,UG,C,Y,8.6,0
2020,6/1/2020,153,1,8,UG-C,UG,C,Y,13.3,0
2020,6/1/2020,153,6,9,UG-C,UG,C,Y,12.6,0
2020,6/1/2020,153,6,12,UG-C,UG,C,Y,12.1,0
2020,6/1/2020,153,1,3,UG-D,UG,D,Y,2.8,0
2020,6/1/2020,153,1,11,UG-D,UG,D,Y,6.3,0
2020,6/1/2020,153,6,1,UG-D,UG,D,Y,6.1,0
2020,6/1/2020,153,6,7,UG-D,UG,D,Y,3.5,0
2020,6/1/2020,153,1,2,UG-W,UG,W,Y,17.8,0
2020,6/1/2020,153,1,10,UG-W,UG,W,Y,10.4,0
2020,6/1/2020,153,6,4,UG-W,UG,W,Y,7.6,0
2020,6/1/2020,153,6,11,UG-W,UG,W,Y,16,0
2020,6/1/2020,153,2,2,DS-C,DS,C,Y,10.9,0
2020,6/1/2020,153,2,4,DS-C,DS,C,Y,9.3,0
2020,6/1/2020,153,4,1,DS-C,DS,C,Y,12.8,0
2020,6/1/2020,153,4,12,DS-C,DS,C,Y,13.9,0
2020,6/1/2020,153,2,1,DS-D,DS,D,Y,4.7,0
2020,6/1/2020,153,2,7,DS-D,DS,D,Y,4.8,0
2020,6/1/2020,153,4,5,DS-D,DS,D,Y,3.7,0
2020,6/1/2020,153,4,11,DS-D,DS,D,Y,7.9,0
2020,6/1/2020,153,2,3,DS-W,DS,W,Y,11.9,0
2020,6/1/2020,153,2,9,DS-W,DS,W,Y,12.7,0
2020,6/1/2020,153,4,6,DS-W,DS,W,Y,14.1,0
2020,6/1/2020,153,4,8,DS-W,DS,W,Y,19.4,0
2020,6/1/2020,153,3,2,GS-C,GS,C,Y,10.5,0
2020,6/1/2020,153,3,8,GS-C,GS,C,Y,9.7,0
2020,6/1/2020,153,5,5,GS-C,GS,C,Y,11.1,0
2020,6/1/2020,153,5,6,GS-C,GS,C,Y,7.2,0
2020,6/1/2020,153,3,6,GS-D,GS,D,Y,2.8,0
2020,6/1/2020,153,3,12,GS-D,GS,D,Y,3.7,0
2020,6/1/2020,153,5,3,GS-D,GS,D,Y,4.3,0
2020,6/1/2020,153,5,9,GS-D,GS,C,Y,2.9,0
2020,6/1/2020,153,3,1,GS-W,GS,W,Y,13.7,0
2020,6/1/2020,153,3,5,GS-W,GS,W,Y,23.3,0
2020,6/1/2020,153,5,2,GS-W,GS,W,Y,15.5,0
2020,6/1/2020,153,5,8,GS-W,GS,W,Y,16.6,0
2020,6/4/2020,156,1,1,UG-C,UG,C,Y,3.8,3
2020,6/4/2020,156,1,8,UG-C,UG,C,Y,5.6,3
2020,6/4/2020,156,6,9,UG-C,UG,C,Y,4.7,3
2020,6/4/2020,156,6,12,UG-C,UG,C,Y,4.9,3
2020,6/4/2020,156,1,3,UG-D,UG,D,Y,1.8,3
2020,6/4/2020,156,1,11,UG-D,UG,D,Y,1.6,3
2020,6/4/2020,156,6,1,UG-D,UG,D,Y,3.2,3
2020,6/4/2020,156,6,7,UG-D,UG,D,Y,1.2,3
2020,6/4/2020,156,1,2,UG-W,UG,W,Y,7,3
2020,6/4/2020,156,1,10,UG-W,UG,W,Y,3.4,3
2020,6/4/2020,156,6,4,UG-W,UG,W,Y,2.2,3
2020,6/4/2020,156,6,11,UG-W,UG,W,Y,6,3
2020,6/4/2020,156,2,2,DS-C,DS,C,Y,4.1,3
2020,6/4/2020,156,2,4,DS-C,DS,C,Y,3.1,3
2020,6/4/2020,156,4,1,DS-C,DS,C,Y,6.3,3
2020,6/4/2020,156,4,12,DS-C,DS,C,Y,5.4,3
2020,6/4/2020,156,2,1,DS-D,DS,D,Y,1.6,3
2020,6/4/2020,156,2,7,DS-D,DS,D,Y,1.9,3
2020,6/4/2020,156,4,5,DS-D,DS,D,Y,1.5,3
2020,6/4/2020,156,4,11,DS-D,DS,D,Y,5.2,3
2020,6/4/2020,156,2,3,DS-W,DS,W,Y,3.7,3
2020,6/4/2020,156,2,9,DS-W,DS,W,Y,4.9,3
2020,6/4/2020,156,4,6,DS-W,DS,W,Y,3.4,3
2020,6/4/2020,156,4,8,DS-W,DS,W,Y,8.7,3
2020,6/4/2020,156,3,2,GS-C,GS,C,Y,3.9,3
2020,6/4/2020,156,3,8,GS-C,GS,C,Y,3.1,3
2020,6/4/2020,156,5,5,GS-C,GS,C,Y,3.7,3
2020,6/4/2020,156,5,6,GS-C,GS,C,Y,4.6,3
2020,6/4/2020,156,3,6,GS-D,GS,D,Y,0.9,3
2020,6/4/2020,156,3,12,GS-D,GS,D,Y,1.6,3
2020,6/4/2020,156,5,3,GS-D,GS,D,Y,1.6,3
2020,6/4/2020,156,5,9,GS-D,GS,C,Y,1.2,3
2020,6/4/2020,156,3,1,GS-W,GS,W,Y,4.7,3
2020,6/4/2020,156,3,5,GS-W,GS,W,Y,8.2,3
2020,6/4/2020,156,5,2,GS-W,GS,W,Y,5.1,3
2020,6/4/2020,156,5,8,GS-W,GS,W,Y,4.2,3
2020,6/9/2020,161,1,1,UG-C,UG,C,Y,6.1,8
2020,6/9/2020,161,1,8,UG-C,UG,C,Y,9,8
2020,6/9/2020,161,6,9,UG-C,UG,C,Y,7.2,8
2020,6/9/2020,161,6,12,UG-C,UG,C,Y,7.9,8
2020,6/9/2020,161,1,3,UG-D,UG,D,Y,1.4,8
2020,6/9/2020,161,1,11,UG-D,UG,D,Y,3,8
2020,6/9/2020,161,6,1,UG-D,UG,D,Y,3.6,8
2020,6/9/2020,161,6,7,UG-D,UG,D,Y,1.8,8
2020,6/9/2020,161,1,2,UG-W,UG,W,Y,10.4,8
2020,6/9/2020,161,1,10,UG-W,UG,W,Y,5.5,8
2020,6/9/2020,161,6,4,UG-W,UG,W,Y,4.7,8
2020,6/9/2020,161,6,11,UG-W,UG,W,Y,7.2,8
2020,6/9/2020,161,2,2,DS-C,DS,C,Y,6.8,8
2020,6/9/2020,161,2,4,DS-C,DS,C,Y,6.9,8
2020,6/9/2020,161,4,1,DS-C,DS,C,Y,8.1,8
2020,6/9/2020,161,4,12,DS-C,DS,C,Y,9.6,8
2020,6/9/2020,161,2,1,DS-D,DS,D,Y,1.9,8
2020,6/9/2020,161,2,7,DS-D,DS,D,Y,2.3,8
2020,6/9/2020,161,4,5,DS-D,DS,D,Y,1.4,8
2020,6/9/2020,161,4,11,DS-D,DS,D,Y,9.9,8
2020,6/9/2020,161,2,3,DS-W,DS,W,Y,7.6,8
2020,6/9/2020,161,2,9,DS-W,DS,W,Y,7.5,8
2020,6/9/2020,161,4,6,DS-W,DS,W,Y,7.3,8
2020,6/9/2020,161,4,8,DS-W,DS,W,Y,12.1,8
2020,6/9/2020,161,3,2,GS-C,GS,C,Y,6.9,8
2020,6/9/2020,161,3,8,GS-C,GS,C,Y,7.4,8
2020,6/9/2020,161,5,5,GS-C,GS,C,Y,6.2,8
2020,6/9/2020,161,5,6,GS-C,GS,C,Y,7.2,8
2020,6/9/2020,161,3,6,GS-D,GS,D,Y,12,8
2020,6/9/2020,161,3,12,GS-D,GS,D,Y,1.6,8
2020,6/9/2020,161,5,3,GS-D,GS,D,Y,1.9,8
2020,6/9/2020,161,5,9,GS-D,GS,C,Y,1.5,8
2020,6/9/2020,161,3,1,GS-W,GS,W,Y,6.7,8
2020,6/9/2020,161,3,5,GS-W,GS,W,Y,12.4,8
2020,6/9/2020,161,5,2,GS-W,GS,W,Y,6.1,8
2020,6/9/2020,161,5,8,GS-W,GS,W,Y,6.7,8
2020,6/10/2020,162,1,1,UG-C,UG,C,Y,4.3,0
2020,6/10/2020,162,1,8,UG-C,UG,C,Y,5.7,0
2020,6/10/2020,162,6,9,UG-C,UG,C,Y,5.1,0
2020,6/10/2020,162,6,12,UG-C,UG,C,Y,6,0
2020,6/10/2020,162,1,3,UG-D,UG,D,Y,1.7,0
2020,6/10/2020,162,1,11,UG-D,UG,D,Y,2.4,0
2020,6/10/2020,162,6,1,UG-D,UG,D,Y,3.1,0
2020,6/10/2020,162,6,7,UG-D,UG,D,Y,1.5,0
2020,6/10/2020,162,1,2,UG-W,UG,W,Y,9.3,0
2020,6/10/2020,162,1,10,UG-W,UG,W,Y,5.9,0
2020,6/10/2020,162,6,4,UG-W,UG,W,Y,4.6,0
2020,6/10/2020,162,6,11,UG-W,UG,W,Y,8.5,0
2020,6/10/2020,162,2,2,DS-C,DS,C,Y,5,0
2020,6/10/2020,162,2,4,DS-C,DS,C,Y,4.4,0
2020,6/10/2020,162,4,1,DS-C,DS,C,Y,6.1,0
2020,6/10/2020,162,4,12,DS-C,DS,C,Y,6.9,0
2020,6/10/2020,162,2,1,DS-D,DS,D,Y,1.5,0
2020,6/10/2020,162,2,7,DS-D,DS,D,Y,1.5,0
2020,6/10/2020,162,4,5,DS-D,DS,D,Y,1.4,0
2020,6/10/2020,162,4,11,DS-D,DS,D,Y,4.6,0
2020,6/10/2020,162,2,3,DS-W,DS,W,Y,6.5,0
2020,6/10/2020,162,2,9,DS-W,DS,W,Y,8.2,0
2020,6/10/2020,162,4,6,DS-W,DS,W,Y,6.4,0
2020,6/10/2020,162,4,8,DS-W,DS,W,Y,9.6,0
2020,6/10/2020,162,3,2,GS-C,GS,C,Y,4.6,0
2020,6/10/2020,162,3,8,GS-C,GS,C,Y,5,0
2020,6/10/2020,162,5,5,GS-C,GS,C,Y,4.3,0
2020,6/10/2020,162,5,6,GS-C,GS,C,Y,5.3,0
2020,6/10/2020,162,3,6,GS-D,GS,D,Y,0.8,0
2020,6/10/2020,162,3,12,GS-D,GS,D,Y,1.2,0
2020,6/10/2020,162,5,3,GS-D,GS,D,Y,1.5,0
2020,6/10/2020,162,5,9,GS-D,GS,C,Y,1.2,0
2020,6/10/2020,162,3,1,GS-W,GS,W,Y,5.6,0
2020,6/10/2020,162,3,5,GS-W,GS,W,Y,11.2,0
2020,6/10/2020,162,5,2,GS-W,GS,W,Y,6.4,0
2020,6/10/2020,162,5,8,GS-W,GS,W,Y,6.4,0
2020,6/21/2020,173,1,1,UG-C,UG,C,N,5.9,11
2020,6/21/2020,173,1,8,UG-C,UG,C,N,9.3,11
2020,6/21/2020,173,6,9,UG-C,UG,C,N,8.8,11
2020,6/21/2020,173,6,12,UG-C,UG,C,N,9.3,11
2020,6/21/2020,173,1,3,UG-D,UG,D,N,5.9,11
2020,6/21/2020,173,1,11,UG-D,UG,D,N,8.5,11
2020,6/21/2020,173,6,1,UG-D,UG,D,N,11.1,11
2020,6/21/2020,173,6,7,UG-D,UG,D,N,7.4,11
2020,6/21/2020,173,1,2,UG-W,UG,W,N,10.4,11
2020,6/21/2020,173,1,10,UG-W,UG,W,N,5.6,11
2020,6/21/2020,173,6,4,UG-W,UG,W,N,3.7,11
2020,6/21/2020,173,6,11,UG-W,UG,W,N,8.9,11
2020,6/21/2020,173,2,2,DS-C,DS,C,N,7.7,11
2020,6/21/2020,173,2,4,DS-C,DS,C,N,6,11
2020,6/21/2020,173,4,1,DS-C,DS,C,N,8.2,11
2020,6/21/2020,173,4,12,DS-C,DS,C,N,10.2,11
2020,6/21/2020,173,2,1,DS-D,DS,D,N,6.4,11
2020,6/21/2020,173,2,7,DS-D,DS,D,N,6.9,11
2020,6/21/2020,173,4,5,DS-D,DS,D,N,7.1,11
2020,6/21/2020,173,4,11,DS-D,DS,D,N,12.1,11
2020,6/21/2020,173,2,3,DS-W,DS,W,N,6.4,11
2020,6/21/2020,173,2,9,DS-W,DS,W,N,7.1,11
2020,6/21/2020,173,4,6,DS-W,DS,W,N,5.4,11
2020,6/21/2020,173,4,8,DS-W,DS,W,N,10.5,11
2020,6/21/2020,173,3,2,GS-C,GS,C,N,7,11
2020,6/21/2020,173,3,8,GS-C,GS,C,N,7,11
2020,6/21/2020,173,5,5,GS-C,GS,C,N,8.9,11
2020,6/21/2020,173,5,6,GS-C,GS,C,N,3.7,11
2020,6/21/2020,173,3,6,GS-D,GS,D,N,3.7,11
2020,6/21/2020,173,3,12,GS-D,GS,D,N,5.9,11
2020,6/21/2020,173,5,3,GS-D,GS,D,N,7.7,11
2020,6/21/2020,173,5,9,GS-D,GS,C,N,6.5,11
2020,6/21/2020,173,3,1,GS-W,GS,W,N,6,11
2020,6/21/2020,173,3,5,GS-W,GS,W,N,12.8,11
2020,6/21/2020,173,5,2,GS-W,GS,W,N,7.1,11
2020,6/21/2020,173,5,8,GS-W,GS,W,N,6.9,11
2020,6/23/2020,175,1,1,UG-C,UG,C,N,5.1,13
2020,6/23/2020,175,1,8,UG-C,UG,C,N,6.8,13
2020,6/23/2020,175,6,9,UG-C,UG,C,N,5.6,13
2020,6/23/2020,175,6,12,UG-C,UG,C,N,7.8,13
2020,6/23/2020,175,1,3,UG-D,UG,D,N,4.9,13
2020,6/23/2020,175,1,11,UG-D,UG,D,N,6.5,13
2020,6/23/2020,175,6,1,UG-D,UG,D,N,9.4,13
2020,6/23/2020,175,6,7,UG-D,UG,D,N,5.3,13
2020,6/23/2020,175,1,2,UG-W,UG,W,N,7.1,13
2020,6/23/2020,175,1,10,UG-W,UG,W,N,4.2,13
2020,6/23/2020,175,6,4,UG-W,UG,W,N,3,13
2020,6/23/2020,175,6,11,UG-W,UG,W,N,6,13
2020,6/23/2020,175,2,2,DS-C,DS,C,N,5.9,13
2020,6/23/2020,175,2,4,DS-C,DS,C,N,4.6,13
2020,6/23/2020,175,4,1,DS-C,DS,C,N,7.7,13
2020,6/23/2020,175,4,12,DS-C,DS,C,N,7.1,13
2020,6/23/2020,175,2,1,DS-D,DS,D,N,5.2,13
2020,6/23/2020,175,2,7,DS-D,DS,D,N,5.6,13
2020,6/23/2020,175,4,5,DS-D,DS,D,N,5.6,13
2020,6/23/2020,175,4,11,DS-D,DS,D,N,10,13
2020,6/23/2020,175,2,3,DS-W,DS,W,N,4.6,13
2020,6/23/2020,175,2,9,DS-W,DS,W,N,4.9,13
2020,6/23/2020,175,4,6,DS-W,DS,W,N,3.7,13
2020,6/23/2020,175,4,8,DS-W,DS,W,N,8.3,13
2020,6/23/2020,175,3,2,GS-C,GS,C,N,5,13
2020,6/23/2020,175,3,8,GS-C,GS,C,N,5.3,13
2020,6/23/2020,175,5,5,GS-C,GS,C,N,5.8,13
2020,6/23/2020,175,5,6,GS-C,GS,C,N,6.5,13
2020,6/23/2020,175,3,6,GS-D,GS,D,N,3.9,13
2020,6/23/2020,175,3,12,GS-D,GS,D,N,4.7,13
2020,6/23/2020,175,5,3,GS-D,GS,D,N,5.8,13
2020,6/23/2020,175,5,9,GS-D,GS,C,N,8.2,13
2020,6/23/2020,175,3,1,GS-W,GS,W,N,5.3,13
2020,6/23/2020,175,3,5,GS-W,GS,W,N,9.6,13
2020,6/23/2020,175,5,2,GS-W,GS,W,N,5.4,13
2020,6/23/2020,175,5,8,GS-W,GS,W,N,4.7,13
2020,6/25/2020,177,1,1,UG-C,UG,C,N,3.3,15
2020,6/25/2020,177,1,8,UG-C,UG,C,N,5.6,15
2020,6/25/2020,177,6,9,UG-C,UG,C,N,4.4,15
2020,6/25/2020,177,6,12,UG-C,UG,C,N,6.5,15
2020,6/25/2020,177,1,3,UG-D,UG,D,N,4.2,15
2020,6/25/2020,177,1,11,UG-D,UG,D,N,5.5,15
2020,6/25/2020,177,6,1,UG-D,UG,D,N,7,15
2020,6/25/2020,177,6,7,UG-D,UG,D,N,4.4,15
2020,6/25/2020,177,1,2,UG-W,UG,W,N,6.3,15
2020,6/25/2020,177,1,10,UG-W,UG,W,N,3.4,15
2020,6/25/2020,177,6,4,UG-W,UG,W,N,3,15
2020,6/25/2020,177,6,11,UG-W,UG,W,N,4.6,15
2020,6/25/2020,177,2,2,DS-C,DS,C,N,5.5,15
2020,6/25/2020,177,2,4,DS-C,DS,C,N,5,15
2020,6/25/2020,177,4,1,DS-C,DS,C,N,6.8,15
2020,6/25/2020,177,4,12,DS-C,DS,C,N,6.9,15
2020,6/25/2020,177,2,1,DS-D,DS,D,N,4.2,15
2020,6/25/2020,177,2,7,DS-D,DS,D,N,4.4,15
2020,6/25/2020,177,4,5,DS-D,DS,D,N,4.3,15
2020,6/25/2020,177,4,11,DS-D,DS,D,N,9.2,15
2020,6/25/2020,177,2,3,DS-W,DS,W,N,3.1,15
2020,6/25/2020,177,2,9,DS-W,DS,W,N,4.1,15
2020,6/25/2020,177,4,6,DS-W,DS,W,N,4,15
2020,6/25/2020,177,4,8,DS-W,DS,W,N,7.8,15
2020,6/25/2020,177,3,2,GS-C,GS,C,N,4.7,15
2020,6/25/2020,177,3,8,GS-C,GS,C,N,4.6,15
2020,6/25/2020,177,5,5,GS-C,GS,C,N,3.9,15
2020,6/25/2020,177,5,6,GS-C,GS,C,N,4,15
2020,6/25/2020,177,3,6,GS-D,GS,D,N,3.7,15
2020,6/25/2020,177,3,12,GS-D,GS,D,N,4.3,15
2020,6/25/2020,177,5,3,GS-D,GS,D,N,5.8,15
2020,6/25/2020,177,5,9,GS-D,GS,C,N,4.6,15
2020,6/25/2020,177,3,1,GS-W,GS,W,N,4.6,15
2020,6/25/2020,177,3,5,GS-W,GS,W,N,8.1,15
2020,6/25/2020,177,5,2,GS-W,GS,W,N,4.2,15
2020,6/25/2020,177,5,8,GS-W,GS,W,N,4.1,15
2020,6/26/2020,178,1,1,UG-C,UG,C,N,2.5,16
2020,6/26/2020,178,1,8,UG-C,UG,C,N,4.3,16
2020,6/26/2020,178,6,9,UG-C,UG,C,N,3.3,16
2020,6/26/2020,178,6,12,UG-C,UG,C,N,4.3,16
2020,6/26/2020,178,1,3,UG-D,UG,D,N,3.4,16
2020,6/26/2020,178,1,11,UG-D,UG,D,N,4.3,16
2020,6/26/2020,178,6,1,UG-D,UG,D,N,5.3,16
2020,6/26/2020,178,6,7,UG-D,UG,D,N,3.3,16
2020,6/26/2020,178,1,2,UG-W,UG,W,N,5,16
2020,6/26/2020,178,1,10,UG-W,UG,W,N,2.4,16
2020,6/26/2020,178,6,4,UG-W,UG,W,N,1.5,16
2020,6/26/2020,178,6,11,UG-W,UG,W,N,3.3,16
2020,6/26/2020,178,2,2,DS-C,DS,C,N,3.6,16
2020,6/26/2020,178,2,4,DS-C,DS,C,N,3.6,16
2020,6/26/2020,178,4,1,DS-C,DS,C,N,4.6,16
2020,6/26/2020,178,4,12,DS-C,DS,C,N,4.7,16
2020,6/26/2020,178,2,1,DS-D,DS,D,N,3,16
2020,6/26/2020,178,2,7,DS-D,DS,D,N,3.3,16
2020,6/26/2020,178,4,5,DS-D,DS,D,N,3.1,16
2020,6/26/2020,178,4,11,DS-D,DS,D,N,8,16
2020,6/26/2020,178,2,3,DS-W,DS,W,N,2.2,16
2020,6/26/2020,178,2,9,DS-W,DS,W,N,3.3,16
2020,6/26/2020,178,4,6,DS-W,DS,W,N,2.4,16
2020,6/26/2020,178,4,8,DS-W,DS,W,N,5.9,16
2020,6/26/2020,178,3,2,GS-C,GS,C,N,3.7,16
2020,6/26/2020,178,3,8,GS-C,GS,C,N,3.2,16
2020,6/26/2020,178,5,5,GS-C,GS,C,N,3,16
2020,6/26/2020,178,5,6,GS-C,GS,C,N,3.4,16
2020,6/26/2020,178,3,6,GS-D,GS,D,N,2.5,16
2020,6/26/2020,178,3,12,GS-D,GS,D,N,3.3,16
2020,6/26/2020,178,5,3,GS-D,GS,D,N,3.5,16
2020,6/26/2020,178,5,9,GS-D,GS,C,N,3,16
2020,6/26/2020,178,3,1,GS-W,GS,W,N,3.4,16
2020,6/26/2020,178,3,5,GS-W,GS,W,N,7,16
2020,6/26/2020,178,5,2,GS-W,GS,W,N,2.7,16
2020,6/26/2020,178,5,8,GS-W,GS,W,N,3,16
2020,6/28/2020,180,1,1,UG-C,UG,C,N,7.7,18
2020,6/28/2020,180,1,8,UG-C,UG,C,N,11.5,18
2020,6/28/2020,180,6,9,UG-C,UG,C,N,11.2,18
2020,6/28/2020,180,6,12,UG-C,UG,C,N,10.6,18
2020,6/28/2020,180,1,3,UG-D,UG,D,N,7.4,18
2020,6/28/2020,180,1,11,UG-D,UG,D,N,9.8,18
2020,6/28/2020,180,6,1,UG-D,UG,D,N,12.8,18
2020,6/28/2020,180,6,7,UG-D,UG,D,N,8.6,18
2020,6/28/2020,180,1,2,UG-W,UG,W,N,12.7,18
2020,6/28/2020,180,1,10,UG-W,UG,W,N,6.5,18
2020,6/28/2020,180,6,4,UG-W,UG,W,N,3.9,18
2020,6/28/2020,180,6,11,UG-W,UG,W,N,10.1,18
2020,6/28/2020,180,2,2,DS-C,DS,C,N,9.5,18
2020,6/28/2020,180,2,4,DS-C,DS,C,N,7,18
2020,6/28/2020,180,4,1,DS-C,DS,C,N,10.5,18
2020,6/28/2020,180,4,12,DS-C,DS,C,N,10.7,18
2020,6/28/2020,180,2,1,DS-D,DS,D,N,7.2,18
2020,6/28/2020,180,2,7,DS-D,DS,D,N,8.9,18
2020,6/28/2020,180,4,5,DS-D,DS,D,N,8.8,18
2020,6/28/2020,180,4,11,DS-D,DS,D,N,14.5,18
2020,6/28/2020,180,2,3,DS-W,DS,W,N,7,18
2020,6/28/2020,180,2,9,DS-W,DS,W,N,7.6,18
2020,6/28/2020,180,4,6,DS-W,DS,W,N,5.6,18
2020,6/28/2020,180,4,8,DS-W,DS,W,N,11.4,18
2020,6/28/2020,180,3,2,GS-C,GS,C,N,7.1,18
2020,6/28/2020,180,3,8,GS-C,GS,C,N,8.5,18
2020,6/28/2020,180,5,5,GS-C,GS,C,N,11.4,18
2020,6/28/2020,180,5,6,GS-C,GS,C,N,10.9,18
2020,6/28/2020,180,3,6,GS-D,GS,D,N,5.4,18
2020,6/28/2020,180,3,12,GS-D,GS,D,N,7.1,18
2020,6/28/2020,180,5,3,GS-D,GS,D,N,9.8,18
2020,6/28/2020,180,5,9,GS-D,GS,C,N,9.9,18
2020,6/28/2020,180,3,1,GS-W,GS,W,N,8.9,18
2020,6/28/2020,180,3,5,GS-W,GS,W,N,14.4,18
2020,6/28/2020,180,5,2,GS-W,GS,W,N,7.9,18
2020,6/28/2020,180,5,8,GS-W,GS,W,N,8.8,18
2020,6/29/2020,181,1,1,UG-C,UG,C,Y,7.1,19
2020,6/29/2020,181,1,8,UG-C,UG,C,Y,9.6,19
2020,6/29/2020,181,6,9,UG-C,UG,C,Y,9.5,19
2020,6/29/2020,181,6,12,UG-C,UG,C,Y,9.5,19
2020,6/29/2020,181,1,3,UG-D,UG,D,Y,6.3,19
2020,6/29/2020,181,1,11,UG-D,UG,D,Y,8.1,19
2020,6/29/2020,181,6,1,UG-D,UG,D,Y,11,19
2020,6/29/2020,181,6,7,UG-D,UG,D,Y,7.7,19
2020,6/29/2020,181,1,2,UG-W,UG,W,Y,10.8,19
2020,6/29/2020,181,1,10,UG-W,UG,W,Y,5.7,19
2020,6/29/2020,181,6,4,UG-W,UG,W,Y,2.9,19
2020,6/29/2020,181,6,11,UG-W,UG,W,Y,9.3,19
2020,6/29/2020,181,2,2,DS-C,DS,C,Y,7.8,19
2020,6/29/2020,181,2,4,DS-C,DS,C,Y,5.8,19
2020,6/29/2020,181,4,1,DS-C,DS,C,Y,9.3,19
2020,6/29/2020,181,4,12,DS-C,DS,C,Y,9.3,19
2020,6/29/2020,181,2,1,DS-D,DS,D,Y,6.2,19
2020,6/29/2020,181,2,7,DS-D,DS,D,Y,7.5,19
2020,6/29/2020,181,4,5,DS-D,DS,D,Y,8.1,19
2020,6/29/2020,181,4,11,DS-D,DS,D,Y,13.3,19
2020,6/29/2020,181,2,3,DS-W,DS,W,Y,5.7,19
2020,6/29/2020,181,2,9,DS-W,DS,W,Y,6.7,19
2020,6/29/2020,181,4,6,DS-W,DS,W,Y,4.3,19
2020,6/29/2020,181,4,8,DS-W,DS,W,Y,10.1,19
2020,6/29/2020,181,3,2,GS-C,GS,C,Y,6.3,19
2020,6/29/2020,181,3,8,GS-C,GS,C,Y,7.5,19
2020,6/29/2020,181,5,5,GS-C,GS,C,Y,9.9,19
2020,6/29/2020,181,5,6,GS-C,GS,C,Y,7,19
2020,6/29/2020,181,3,6,GS-D,GS,D,Y,4.9,19
2020,6/29/2020,181,3,12,GS-D,GS,D,Y,6.6,19
2020,6/29/2020,181,5,3,GS-D,GS,D,Y,8.2,19
2020,6/29/2020,181,5,9,GS-D,GS,C,Y,8.8,19
2020,6/29/2020,181,3,1,GS-W,GS,W,Y,7.4,19
2020,6/29/2020,181,3,5,GS-W,GS,W,Y,13.2,19
2020,6/29/2020,181,5,2,GS-W,GS,W,Y,6.9,19
2020,6/29/2020,181,5,8,GS-W,GS,W,Y,7.8,19
2020,7/30/2020,212,1,1,UG-C,UG,C,Y,12.1,4
2020,7/30/2020,212,1,8,UG-C,UG,C,Y,15.3,4
2020,7/30/2020,212,6,9,UG-C,UG,C,Y,14.8,4
2020,7/30/2020,212,6,12,UG-C,UG,C,Y,15.8,4
2020,7/30/2020,212,1,3,UG-D,UG,D,Y,12.3,4
2020,7/30/2020,212,1,11,UG-D,UG,D,Y,13.2,4
2020,7/30/2020,212,6,1,UG-D,UG,D,Y,14.2,4
2020,7/30/2020,212,6,7,UG-D,UG,D,Y,11.6,4
2020,7/30/2020,212,1,2,UG-W,UG,W,Y,17,4
2020,7/30/2020,212,1,10,UG-W,UG,W,Y,13.1,4
2020,7/30/2020,212,6,4,UG-W,UG,W,Y,12.7,4
2020,7/30/2020,212,6,11,UG-W,UG,W,Y,14.4,4
2020,7/30/2020,212,2,2,DS-C,DS,C,Y,14.4,4
2020,7/30/2020,212,2,4,DS-C,DS,C,Y,13.8,4
2020,7/30/2020,212,4,1,DS-C,DS,C,Y,16.2,4
2020,7/30/2020,212,4,12,DS-C,DS,C,Y,15.9,4
2020,7/30/2020,212,2,1,DS-D,DS,D,Y,11.4,4
2020,7/30/2020,212,2,7,DS-D,DS,D,Y,11.9,4
2020,7/30/2020,212,4,5,DS-D,DS,D,Y,11.4,4
2020,7/30/2020,212,4,11,DS-D,DS,D,Y,16.6,4
2020,7/30/2020,212,2,3,DS-W,DS,W,Y,12.7,4
2020,7/30/2020,212,2,9,DS-W,DS,W,Y,14.8,4
2020,7/30/2020,212,4,6,DS-W,DS,W,Y,13.4,4
2020,7/30/2020,212,4,8,DS-W,DS,W,Y,17.7,4
2020,7/30/2020,212,3,2,GS-C,GS,C,Y,15.3,4
2020,7/30/2020,212,3,8,GS-C,GS,C,Y,14.5,4
2020,7/30/2020,212,5,5,GS-C,GS,C,Y,14.7,4
2020,7/30/2020,212,5,6,GS-C,GS,C,Y,14.8,4
2020,7/30/2020,212,3,6,GS-D,GS,D,Y,10.8,4
2020,7/30/2020,212,3,12,GS-D,GS,D,Y,12,4
2020,7/30/2020,212,5,3,GS-D,GS,D,Y,11.4,4
2020,7/30/2020,212,5,9,GS-D,GS,C,Y,11.5,4
2020,7/30/2020,212,3,1,GS-W,GS,W,Y,16,4
2020,7/30/2020,212,3,5,GS-W,GS,W,Y,19.8,4
2020,7/30/2020,212,5,2,GS-W,GS,W,Y,15.1,4
2020,7/30/2020,212,5,8,GS-W,GS,W,Y,14.7,4
2020,9/12/2020,256,1,1,UG-C,UG,C,Y,9.7,0
2020,9/12/2020,256,1,8,UG-C,UG,C,Y,13.9,0
2020,9/12/2020,256,6,9,UG-C,UG,C,Y,13.2,0
2020,9/12/2020,256,6,12,UG-C,UG,C,Y,12.8,0
2020,9/12/2020,256,1,3,UG-D,UG,D,Y,10.1,0
2020,9/12/2020,256,1,11,UG-D,UG,D,Y,12.8,0
2020,9/12/2020,256,6,1,UG-D,UG,D,Y,18,0
2020,9/12/2020,256,6,7,UG-D,UG,D,Y,10.1,0
2020,9/12/2020,256,1,2,UG-W,UG,W,Y,17.2,0
2020,9/12/2020,256,1,10,UG-W,UG,W,Y,11.4,0
2020,9/12/2020,256,6,4,UG-W,UG,W,Y,NA,0
2020,9/12/2020,256,6,11,UG-W,UG,W,Y,NA,0
2020,9/12/2020,256,2,2,DS-C,DS,C,Y,12.6,0
2020,9/12/2020,256,2,4,DS-C,DS,C,Y,10.1,0
2020,9/12/2020,256,4,1,DS-C,DS,C,Y,12.5,0
2020,9/12/2020,256,4,12,DS-C,DS,C,Y,14.5,0
2020,9/12/2020,256,2,1,DS-D,DS,D,Y,9.5,0
2020,9/12/2020,256,2,7,DS-D,DS,D,Y,11.4,0
2020,9/12/2020,256,4,5,DS-D,DS,D,Y,10.9,0
2020,9/12/2020,256,4,11,DS-D,DS,D,Y,16.2,0
2020,9/12/2020,256,2,3,DS-W,DS,W,Y,12.5,0
2020,9/12/2020,256,2,9,DS-W,DS,W,Y,14.4,0
2020,9/12/2020,256,4,6,DS-W,DS,W,Y,13.7,0
2020,9/12/2020,256,4,8,DS-W,DS,W,Y,21.7,0
2020,9/12/2020,256,3,2,GS-C,GS,C,Y,11.2,0
2020,9/12/2020,256,3,8,GS-C,GS,C,Y,10.7,0
2020,9/12/2020,256,5,5,GS-C,GS,C,Y,12.9,0
2020,9/12/2020,256,5,6,GS-C,GS,C,Y,12.8,0
2020,9/12/2020,256,3,6,GS-D,GS,D,Y,8.2,0
2020,9/12/2020,256,3,12,GS-D,GS,D,Y,9.4,0
2020,9/12/2020,256,5,3,GS-D,GS,D,Y,11.7,0
2020,9/12/2020,256,5,9,GS-D,GS,C,Y,13.4,0
2020,9/12/2020,256,3,1,GS-W,GS,W,Y,14.2,0
2020,9/12/2020,256,3,5,GS-W,GS,W,Y,26.1,0
2020,9/12/2020,256,5,2,GS-W,GS,W,Y,12,0
2020,9/12/2020,256,5,8,GS-W,GS,W,Y,11.9,0
2020,9/13/2020,257,1,1,UG-C,UG,C,Y,8.5,1
2020,9/13/2020,257,1,8,UG-C,UG,C,Y,12,1
2020,9/13/2020,257,6,9,UG-C,UG,C,Y,11.7,1
2020,9/13/2020,257,6,12,UG-C,UG,C,Y,11.7,1
2020,9/13/2020,257,1,3,UG-D,UG,D,Y,8.4,1
2020,9/13/2020,257,1,11,UG-D,UG,D,Y,11.1,1
2020,9/13/2020,257,6,1,UG-D,UG,D,Y,13.4,1
2020,9/13/2020,257,6,7,UG-D,UG,D,Y,9.4,1
2020,9/13/2020,257,1,2,UG-W,UG,W,Y,18.3,1
2020,9/13/2020,257,1,10,UG-W,UG,W,Y,10.2,1
2020,9/13/2020,257,6,4,UG-W,UG,W,Y,8.1,1
2020,9/13/2020,257,6,11,UG-W,UG,W,Y,14.2,1
2020,9/13/2020,257,2,2,DS-C,DS,C,Y,10.7,1
2020,9/13/2020,257,2,4,DS-C,DS,C,Y,8.3,1
2020,9/13/2020,257,4,1,DS-C,DS,C,Y,11.1,1
2020,9/13/2020,257,4,12,DS-C,DS,C,Y,12.7,1
2020,9/13/2020,257,2,1,DS-D,DS,D,Y,8,1
2020,9/13/2020,257,2,7,DS-D,DS,D,Y,9.7,1
2020,9/13/2020,257,4,5,DS-D,DS,D,Y,9.2,1
2020,9/13/2020,257,4,11,DS-D,DS,D,Y,15,1
2020,9/13/2020,257,2,3,DS-W,DS,W,Y,10.4,1
2020,9/13/2020,257,2,9,DS-W,DS,W,Y,11.4,1
2020,9/13/2020,257,4,6,DS-W,DS,W,Y,10.3,1
2020,9/13/2020,257,4,8,DS-W,DS,W,Y,17.5,1
2020,9/13/2020,257,3,2,GS-C,GS,C,Y,9.1,1
2020,9/13/2020,257,3,8,GS-C,GS,C,Y,9.3,1
2020,9/13/2020,257,5,5,GS-C,GS,C,Y,12,1
2020,9/13/2020,257,5,6,GS-C,GS,C,Y,6.4,1
2020,9/13/2020,257,3,6,GS-D,GS,D,Y,6,1
2020,9/13/2020,257,3,12,GS-D,GS,D,Y,8.1,1
2020,9/13/2020,257,5,3,GS-D,GS,D,Y,9.1,1
2020,9/13/2020,257,5,9,GS-D,GS,C,Y,10.8,1
2020,9/13/2020,257,3,1,GS-W,GS,W,Y,11.7,1
2020,9/13/2020,257,3,5,GS-W,GS,W,Y,22.8,1
2020,9/13/2020,257,5,2,GS-W,GS,W,Y,10.7,1
2020,9/13/2020,257,5,8,GS-W,GS,W,Y,14.5,1
